course_code,course_name,credit,type,category,stage,is_required,area
"OMNI100007","AI 이해와 활용","3","MAJOR","특선","BASIC","false",""
"SWCE100003","SW융합 캡스톤디자인","3","MAJOR","일선","BASIC","false",""
"SWCE100004","SW융합 캡스톤디자인심화","3","MAJOR","일선","BASIC","false",""
"SWCE100005","데이터사이언스 개론","3","MAJOR","일선","BASIC","false",""
"SWCE100013","인공지능 개론","3","MAJOR","일선","BASIC","false",""
"PROJ3001","융합 캡스톤디자인Ⅲ","3","MAJOR","특선","BASIC","false",""
"TRAI1003","표준현장실습(15주)1","3","MAJOR","특선","BASIC","false",""
"TRAI2009","표준현장실습(15주)2","3","MAJOR","특선","BASIC","false",""
"TRAI3008","표준현장실습(15주)3","3","MAJOR","특선","BASIC","false",""
"TRAI4022","표준현장실습(15주)4","3","MAJOR","특선","BASIC","false",""
"TRAI5003","표준현장실습(15주)5","3","MAJOR","특선","BASIC","false",""
"TEED1004","교육봉사활동","2","","교직","BASIC","false",""
"PROJ1101","설계입문","3","MAJOR","특필","BASIC","false",""
"MECH1102","정역학","3","MAJOR","전필","BASIC","false",""
"GUID100002","진로설계1(자기이해와 대학생활)","1","MAJOR","특필","BASIC","false",""
"MECH2102","공업수학 (2)","3","MAJOR","전필","BASIC","false",""
"MECH2104","기계공학실험 (1)","2","MAJOR","전필","BASIC","false",""
"MECH2105","기계재료","3","MAJOR","전필","BASIC","false",""
"MECH2201","기계제도 (2)","3","MAJOR","심선","ADVANCED","false",""
"MECH2202","열역학 (2)","3","MAJOR","심선","ADVANCED","false",""
"MECH2109","유체역학 (1)","3","MAJOR","전필","BASIC","false",""
"GUID200002","진로설계2(진로탐색과 자기계발)","1","MAJOR","특필","BASIC","false",""
"MECH2111","프리인턴쉽","3","MAJOR","전필","BASIC","false",""
"MECH3101","기계공작법","3","MAJOR","전필","BASIC","false",""
"MECH3202","기계요소설계 (2)","3","MAJOR","심선","ADVANCED","false",""
"STAR3001","기업가정신과 창업","1","MAJOR","특필","BASIC","false",""
"MECH3204","나노공정개론","3","MAJOR","심선","ADVANCED","false",""
"MECH3206","냉동 및 공기조화","3","MAJOR","심선","ADVANCED","false",""
"MECH3207","모델링 ＆ 시뮬레이션","3","MAJOR","심선","ADVANCED","false",""
"MECH3208","에너지공학","3","MAJOR","심선","ADVANCED","false",""
"MECH3211","자동제어","3","MAJOR","심선","ADVANCED","false",""
"MECH3213","진동공학","3","MAJOR","심선","ADVANCED","false",""
"GUID300002","진로설계3(진로설정과 경력개발)","1","MAJOR","특필","BASIC","false",""
"MECH3214","최적설계","3","MAJOR","심선","ADVANCED","false",""
"MECH3215","추진공학","3","MAJOR","심선","ADVANCED","false",""
"MECH4201","3D 디지털제조","3","MAJOR","심선","ADVANCED","false",""
"MECH4202","Matlab활용CAE","3","MAJOR","심선","ADVANCED","false",""
"GUID400002","진로설계4(취업전략과 실전취업)","1","MAJOR","특필","BASIC","false",""
"PROJ4102","캡스톤디자인(2)","3","MAJOR","특필","BASIC","false",""
"MSAE1102","기초소재물성론","3","MAJOR","전필","BASIC","false",""
"MSAE110006","미래소재디스커버리: AI 반도체","3","MAJOR","전선","BASIC","false",""
"MSAE110007","미래소재디스커버리: 나노·에너지","3","MAJOR","전선","BASIC","false",""
"MSAE1104","재료과학(2)","3","MAJOR","전필","BASIC","false",""
"MSAE2105","기초실험(2)","2","MAJOR","전필","BASIC","false",""
"MSAE2107","세라믹재료","3","MAJOR","전필","BASIC","false",""
"MSAE2108","열역학","3","MAJOR","전필","BASIC","false",""
"MSAE2109","재료역학","3","MAJOR","전필","BASIC","false",""
"MSAE2111","전자소자재료","3","MAJOR","전필","BASIC","false",""
"MSAE3303","광정보부품공학","3","MAJOR","심필","ADVANCED","false",""
"MSAE3306","레이저가공학","3","MAJOR","심선","ADVANCED","false",""
"MSAE3307","미세전자배선공학","3","MAJOR","심선","ADVANCED","false",""
"MSAE3309","반도체소자공학","3","MAJOR","심필","ADVANCED","false",""
"MSAE3102","비철재료","3","MAJOR","심선","ADVANCED","false",""
"MSAE3313","세라믹스물성학","3","MAJOR","심선","ADVANCED","false",""
"MSAE3315","에너지재료공학","3","MAJOR","심필","ADVANCED","false",""
"MSAE3322","전자재료공정","3","MAJOR","심필","ADVANCED","false",""
"MSAE4301","3D모델링","3","MAJOR","심선","ADVANCED","false",""
"MSAE4306","나노분말공학","3","MAJOR","심선","ADVANCED","false",""
"MSAE4312","반도체소자실험","2","MAJOR","심선","ADVANCED","false",""
"MSAE4325","철강재료","3","MAJOR","심선","ADVANCED","false",""
"PROJ4310","캡스톤디자인(2)","2","MAJOR","특필","BASIC","false",""
"PROJ4312","캡스톤디자인Ⅱ","2","MAJOR","특필","BASIC","false",""
"PROJ1102","공학설계입문","3","MAJOR","특필","BASIC","false",""
"CHEM110001","화학생명공학입문","2","MAJOR","전선","BASIC","false",""
"CHEM2104","물리화학(2)","3","MAJOR","전선","BASIC","false",""
"CHEM2106","분자세포생물학(1)","3","MAJOR","전선","BASIC","false",""
"CHEM2107","생화학(1)","3","MAJOR","전선","BASIC","false",""
"CHEM2124","수치해석","3","MAJOR","전선","BASIC","false",""
"CHEM2110","유기화학(2)","3","MAJOR","전선","BASIC","false",""
"CHEM2111","유기화학실험","2","MAJOR","전선","BASIC","false",""
"CHEM2112","응용미생물학","3","MAJOR","전선","BASIC","false",""
"CHEM2115","화공기초실험(2)","2","MAJOR","전선","BASIC","false",""
"CHEM2116","화공생물공학","3","MAJOR","전선","BASIC","false",""
"CHEM2117","화공양론","3","MAJOR","전선","BASIC","false",""
"CHEM2119","화공양론(2)","3","MAJOR","전선","BASIC","false",""
"CHEM2121","화공재료공학","3","MAJOR","전선","BASIC","false",""
"CHEM3102","고분자공학실험","2","MAJOR","전선","BASIC","false",""
"CHEM3301","고분자재료","3","MAJOR","심선","ADVANCED","false",""
"CHEM3103","기기분석(1)","3","MAJOR","전선","BASIC","false",""
"CHEM3104","기기분석실험","2","MAJOR","전선","BASIC","false",""
"CHEM3109","물질전달","3","MAJOR","전선","BASIC","false",""
"CHEM3303","반응공학(2)","3","MAJOR","심선","ADVANCED","false",""
"CHEM3113","생물공학","3","MAJOR","전선","BASIC","false",""
"CHEM3304","열전달","3","MAJOR","심선","ADVANCED","false",""
"CHEM3117","융합응용화학","3","MAJOR","전선","BASIC","false",""
"CHEM3305","의약화학","3","MAJOR","심선","ADVANCED","false",""
"CHEM3306","천연물화학","3","MAJOR","심선","ADVANCED","false",""
"CHEM3120","화공안전공학","3","MAJOR","전선","BASIC","false",""
"CHEM3122","화공열역학(2)","3","MAJOR","전선","BASIC","false",""
"CHEM3124","화학공학실험(2)","2","MAJOR","전선","BASIC","false",""
"CHEM3308","환경공학","3","MAJOR","심선","ADVANCED","false",""
"CHEM4301","고분자합성","3","MAJOR","심선","ADVANCED","false",""
"CHEM4305","기기분석 및 실습","3","MAJOR","심선","ADVANCED","false",""
"CHEM4307","나노미립자공학","3","MAJOR","심선","ADVANCED","false",""
"CHEM4308","나노바이오","3","MAJOR","심선","ADVANCED","false",""
"CHEM530001","생활화학창업","3","MAJOR","심선","ADVANCED","false",""
"CHEM4316","에너지재료","3","MAJOR","심선","ADVANCED","false",""
"CHEM4317","유기단위공정","3","MAJOR","심선","ADVANCED","false",""
"CHEM430027","창의종합설계(화학공학)","3","MAJOR","심선","ADVANCED","false",""
"CHEM4324","캡스톤디자인(응용화학생명공학)","3","MAJOR","심선","ADVANCED","false",""
"CHEM4321","화학공학특강","3","MAJOR","심선","ADVANCED","false",""
"CHEM4325","화학산업과 인공지능의 응용","3","MAJOR","심선","ADVANCED","false",""
"CHEM4322","화학생명공학특강","2","MAJOR","심선","ADVANCED","false",""
"IMEN1101","산업경영공학개론","3","MAJOR","전필","BASIC","false",""
"IMEN100001","산업경영공학개론(융합자율대학)","3","MAJOR","전필","BASIC","false",""
"OMNI1003","스마트팩토리개론","1","MAJOR","특선","BASIC","false",""
"PROJ100010","창의적공학설계(융합자율대학)","3","MAJOR","특필","BASIC","false",""
"IMEN3202","감성공학","3","MAJOR","심선","ADVANCED","false",""
"IMEN210005","객체지향프로그래밍","3","MAJOR","전필","BASIC","false",""
"IMEN210006","공업통계응용","3","MAJOR","전선","BASIC","false",""
"IMEN210007","기술경영개론","3","MAJOR","전선","BASIC","false",""
"IMEN210004","선형대수","3","MAJOR","전필","BASIC","false",""
"IMEN210008","품질경영개론","3","MAJOR","전필","BASIC","false",""
"IMEN3103","경영과학응용","3","MAJOR","전필","BASIC","false",""
"IMEN310029","경영정보시스템","3","MAJOR","전선","BASIC","false",""
"PROJ3003","글로벌캡스톤디자인","3","MAJOR","특선","BASIC","false",""
"IMEN310030","실험계획법","3","MAJOR","전필","BASIC","false",""
"IMEN3118","의사결정론","3","MAJOR","전선","BASIC","false",""
"IMEN310031","인간공학","3","MAJOR","전필","BASIC","false",""
"IMEN3209","조사분석론","3","MAJOR","심선","ADVANCED","false",""
"IMEN320017","품질관리및신뢰성","3","MAJOR","심선","ADVANCED","false",""
"IMEN420006","불확실성하의 의사결정","3","MAJOR","심선","ADVANCED","false",""
"IMEN420003","산업인공지능","3","MAJOR","심선","ADVANCED","false",""
"IMEN3121","제품개발론","3","MAJOR","전선","BASIC","false",""
"IMEN3213","품질검사","3","MAJOR","심선","ADVANCED","false",""
"IMEN3214","프로젝트관리론","3","MAJOR","심선","ADVANCED","false",""
"BNPE120001","건축기계설비시스템개론","3","MAJOR","전선","BASIC","false",""
"BNPE1101","공업수학","3","MAJOR","전선","BASIC","false",""
"PROJ1201","공학설계입문","3","MAJOR","특필","BASIC","false",""
"BNPE2103","건축설비계획","3","MAJOR","전필","BASIC","false",""
"BNPE2105","설비열역학","3","MAJOR","전선","BASIC","false",""
"BNPE2108","설비환경실험","3","MAJOR","전필","BASIC","false",""
"BNPE2111","위생설비설계","3","MAJOR","전필","BASIC","false",""
"BNPE2112","유체기계","3","MAJOR","전필","BASIC","false",""
"BNPE2115","전기·제어실험","3","MAJOR","전필","BASIC","false",""
"BNPE3202","건물에너지성능평가","3","MAJOR","심필","ADVANCED","false",""
"BNPE3204","난방설비설계","3","MAJOR","심필","ADVANCED","false",""
"BNPE3205","설비수치해석","3","MAJOR","심필","ADVANCED","false",""
"BNPE3206","설비자동제어","3","MAJOR","심필","ADVANCED","false",""
"BNPE3207","소방설비","3","MAJOR","심선","ADVANCED","false",""
"BNPE3209","응용공기조화설비","3","MAJOR","심선","ADVANCED","false",""
"BNPE4202","건축설비공사관리","3","MAJOR","심필","ADVANCED","false",""
"BNPE4205","공기조화설비TAB","3","MAJOR","심필","ADVANCED","false",""
"BNPE4212","창의적공학설계(캡스톤디자인)2","3","MAJOR","심선","ADVANCED","false",""
"PROJ1006","스마트공학설계","3","MAJOR","특필","BASIC","false",""
"CCEG1102","융합공학개론2","3","MAJOR","전선","BASIC","false",""
"CCEG110004","융합공학의이해","3","MAJOR","전선","BASIC","false",""
"CCEG2109","광학및실험","3","MAJOR","전선","BASIC","false",""
"CCEG2120","열역학","3","MAJOR","전선","BASIC","false",""
"CCEG2105","유기재료","3","MAJOR","전선","BASIC","false",""
"CCEG2107","융합의이해","3","MAJOR","전필","BASIC","false",""
"CCEG2114","전자회로및실험","3","MAJOR","전선","BASIC","false",""
"CCEG2117","파이썬데이터프로그래밍","3","MAJOR","전선","BASIC","false",""
"CCEG3205","고분자공학이론및실습","3","MAJOR","심선","ADVANCED","false",""
"CCEG3201","반도체소자공학","3","MAJOR","심선","ADVANCED","false",""
"CCEG3206","스마트 공정 실험계획법","3","MAJOR","심필","ADVANCED","false",""
"CCEG3207","스마트기기제어및실습","3","MAJOR","심선","ADVANCED","false",""
"CCEG3208","스마트팩토리실습(캡스톤디자인)","3","MAJOR","심선","ADVANCED","false",""
"CCEG4215","기초최적설계","3","MAJOR","심선","ADVANCED","false",""
"CCEG4202","능동형디스플레이공학","3","MAJOR","심선","ADVANCED","false",""
"CCEG420016","박막공학및실습","3","MAJOR","심선","ADVANCED","false",""
"CCEG4213","전자시스템설계및실습","3","MAJOR","심선","ADVANCED","false",""
"PROJ4005","캡스톤디자인2","3","MAJOR","특선","BASIC","false",""
"CTEC1101","기초역학","3","MAJOR","전선","BASIC","false",""
"CTEC2101","도면의 이해(AutoCAD)","3","MAJOR","전선","BASIC","false",""
"CTEC1005","설계응용수학","3","LIBERAL","교선","BASIC","false",""
"CTEC2106","전자CAD(OR-CAD)","3","MAJOR","전선","BASIC","false",""
"CTEC4101","현장과제 Ⅱ","3","MAJOR","전선","BASIC","false",""
"CTEC3101","기계계측공학","3","MAJOR","전선","BASIC","false",""
"CTEC2102","디지털공학","3","MAJOR","전선","BASIC","false",""
"CTEC2103","센서활용기술","3","MAJOR","전선","BASIC","false",""
"CTEC2105","융합재료","3","MAJOR","전선","BASIC","false",""
"CTEC4104","현장과제Ⅳ","3","MAJOR","전선","BASIC","false",""
"CTEC3201","3D CAD","3","MAJOR","심선","ADVANCED","false",""
"CTEC3001","개선활동실무","3","LIBERAL","교선","BASIC","false",""
"CTEC3209","용접 및 비파괴검사","3","MAJOR","심선","ADVANCED","false",""
"CTEC4205","컴퓨터응용가공(CAM)","3","MAJOR","심선","ADVANCED","false",""
"CTEC4208","현장과제Ⅵ","3","MAJOR","심선","ADVANCED","false",""
"CTEC4203","마이크로프로세서제어Ⅱ","3","MAJOR","심선","ADVANCED","false",""
"CTEC3206","사내표준화","3","MAJOR","심선","ADVANCED","false",""
"CTEC3208","설비관리","3","MAJOR","심선","ADVANCED","false",""
"CTEC4001","프로젝트관리","3","LIBERAL","교선","BASIC","false",""
"CTEC4210","현장과제Ⅷ","3","MAJOR","심선","ADVANCED","false",""
"MMCS300001","3D CAD 응용","3","MAJOR","전선","BASIC","false",""
"MMCS110009","MATLAB 기초와 응용","2","MAJOR","전선","BASIC","false",""
"MMCS1104","공학 프로그래밍언어","3","MAJOR","전필","BASIC","false",""
"MMCS1105","공학수학","3","MAJOR","전필","BASIC","false",""
"MMCS2103","CAE(2)","3","MAJOR","전선","BASIC","false",""
"MMCS2104","기계 및 금속재료","3","MAJOR","전필","BASIC","false",""
"MMCS2107","기초역학(3)","3","MAJOR","전필","BASIC","false",""
"MMCS400001","기초역학(4)","3","MAJOR","전필","BASIC","false",""
"MMCS2109","선형시스템제어공학","3","MAJOR","전필","BASIC","false",""
"MMCS3201","IoT 융합메카트로닉스","3","MAJOR","심선","ADVANCED","false",""
"MMCS3104","생산자동화시스템","3","MAJOR","전선","BASIC","false",""
"MMCS3105","센서 및 계측공학","3","MAJOR","전선","BASIC","false",""
"MMCS3203","정밀유공압제어","3","MAJOR","심선","ADVANCED","false",""
"MMCS3204","초정밀CAM가공","3","MAJOR","심선","ADVANCED","false",""
"MMCS100003","현장과제","2","MAJOR","전선","BASIC","false",""
"DSMJ300117","현장실습1","5","MAJOR","전선","BASIC","false",""
"MMCS200001","광학응용 기계시스템","3","MAJOR","심선","ADVANCED","false",""
"MMCS4203","마이크로나노제조공학","3","MAJOR","심선","ADVANCED","false",""
"MMCS300002","우주산업 및 광기술","3","MAJOR","심선","ADVANCED","false",""
"MMCS4208","융합캡스턴디자인(2)","3","MAJOR","심선","ADVANCED","false",""
"PMEN200013","Python 프로그래밍","3","MAJOR","전선","BASIC","false",""
"PMEN200014","기업분석론","3","MAJOR","전선","BASIC","false",""
"PMEN2008","제조공학개론","3","MAJOR","전선","BASIC","false",""
"PMEN200015","통계분석실무","3","MAJOR","전선","BASIC","false",""
"PMEN4009","품질경영실무","3","MAJOR","전선","BASIC","false",""
"PMEN200016","휴먼시스템","3","MAJOR","전선","BASIC","false",""
"PMEN3001","S-OJT실무","3","MAJOR","전선","BASIC","false",""
"PMEN2011","경제성공학","3","MAJOR","전선","BASIC","false",""
"PMEN3005","빅데이터개론","3","MAJOR","전선","BASIC","false",""
"PMEN4006","시스템시뮬레이션","3","MAJOR","전선","BASIC","false",""
"PMEN4011","시스템안전공학실무","3","MAJOR","전선","BASIC","false",""
"EENG110002","논리회로설계","3","MAJOR","전필","BASIC","false",""
"EENG110003","전기공학개론","3","MAJOR","전선","BASIC","false",""
"EENG2104","마이크로프로세서","3","MAJOR","전필","BASIC","false",""
"EENG2105","신호및시스템","3","MAJOR","전필","BASIC","false",""
"EENG2108","전기자기학(2)","3","MAJOR","전필","BASIC","false",""
"EENG2109","전기전자회로실험","2","MAJOR","전필","BASIC","false",""
"EENG2110","전자회로","3","MAJOR","전필","BASIC","false",""
"EENG2112","회로이론(2)","3","MAJOR","전필","BASIC","false",""
"EENG3201","반도체공학","3","MAJOR","심선","ADVANCED","false",""
"EENG3203","송배전공학","3","MAJOR","심선","ADVANCED","false",""
"EENG3208","전기기기(2)","3","MAJOR","심선","ADVANCED","false",""
"EENG3209","전력변환응용","3","MAJOR","심선","ADVANCED","false",""
"EENG3210","전력전자및응용실험","2","MAJOR","심선","ADVANCED","false",""
"EENG3211","제어시스템설계","3","MAJOR","심선","ADVANCED","false",""
"EENG4205","공학프로그래밍실험","2","MAJOR","심선","ADVANCED","false",""
"EENG4211","전기공학특론(2)","3","MAJOR","심선","ADVANCED","false",""
"EENG4201","전기차량시스템","3","MAJOR","심선","ADVANCED","false",""
"EENG4212","캡스톤디자인(2)","3","MAJOR","심필","ADVANCED","false",""
"COME1101","C/C++프로그래밍","3","MAJOR","전선","BASIC","false",""
"COME110004","기초프로그래밍(융합자율대학)","3","MAJOR","전선","BASIC","false",""
"COME1102","디지털회로 및 실험","3","MAJOR","전선","BASIC","false",""
"COME1103","이산수학","3","MAJOR","전선","BASIC","false",""
"COME110005","컴퓨터융합개론(융합자율대학)","3","MAJOR","전선","BASIC","false",""
"COME210015","게임물리와 상호작용","3","MAJOR","전선","BASIC","false",""
"COME2112","공학수학","3","MAJOR","전선","BASIC","false",""
"COME3103","마이크로프로세서","3","MAJOR","전선","BASIC","false",""
"COME3105","시스템프로그래밍","3","MAJOR","전선","BASIC","false",""
"COME2106","알고리즘","3","MAJOR","전선","BASIC","false",""
"COME210014","오픈소스SW프로그래밍","3","MAJOR","전선","BASIC","false",""
"COME3201","네트워크프로그래밍","3","MAJOR","심선","ADVANCED","false",""
"COME3202","데이터베이스프로그래밍","3","MAJOR","심선","ADVANCED","false",""
"COME320006","사물인터넷","3","MAJOR","심선","ADVANCED","false",""
"COME2201","소프트웨어설계","3","MAJOR","심선","ADVANCED","false",""
"COME3204","정보보호","3","MAJOR","심선","ADVANCED","false",""
"COME4210","컴퓨터비젼","3","MAJOR","심선","ADVANCED","false",""
"COME4212","강화학습","3","MAJOR","심선","ADVANCED","false",""
"COME4203","빅데이터분석","3","MAJOR","심선","ADVANCED","false",""
"COME4215","인간과 컴퓨터 상호작용","3","MAJOR","심선","ADVANCED","false",""
"COME4206","임베디드시스템응용","3","MAJOR","심선","ADVANCED","false",""
"COME4207","자연어처리","3","MAJOR","심선","ADVANCED","false",""
"COME4211","캡스톤디자인II","3","MAJOR","심필","ADVANCED","false",""
"INFO2104","고급C프로그래밍","3","MAJOR","전선","BASIC","false",""
"INFO1105","기초공학수학","3","MAJOR","전선","BASIC","false",""
"INFO1103","논리회로","3","MAJOR","전선","BASIC","false",""
"INFO1102","이산수학","3","MAJOR","전선","BASIC","false",""
"INFO3102","JAVA프로그래밍","3","MAJOR","전선","BASIC","false",""
"INFO3105","데이터통신","3","MAJOR","전선","BASIC","false",""
"INFO210022","반도체소자공학","3","MAJOR","전선","BASIC","false",""
"INFO2110","신호및시스템","3","MAJOR","전선","BASIC","false",""
"INFO2120","오픈소스프로그래밍","3","MAJOR","전선","BASIC","false",""
"INFO2114","컴퓨터구조","3","MAJOR","전선","BASIC","false",""
"INFO2117","회로이론","3","MAJOR","전선","BASIC","false",""
"INFO3210","딥러닝응용","3","MAJOR","심선","ADVANCED","false",""
"INFO4209","시스템프로그래밍","3","MAJOR","심선","ADVANCED","false",""
"INFO3203","안테나공학","3","MAJOR","심선","ADVANCED","false",""
"INFO4227","암호화칩설계","3","MAJOR","심선","ADVANCED","false",""
"INFO3205","전자회로 II","3","MAJOR","심선","ADVANCED","false",""
"INFO4230","통신이론","3","MAJOR","심선","ADVANCED","false",""
"INFO4223","빅데이터프로그래밍","3","MAJOR","심선","ADVANCED","false",""
"INFO4224","스마트센서공학","3","MAJOR","심선","ADVANCED","false",""
"INFO4226","암호프로그래밍","3","MAJOR","심선","ADVANCED","false",""
"INFO4228","우주통신공학","3","MAJOR","심선","ADVANCED","false",""
"INFO4219","캡스톤디자인Ⅱ","3","MAJOR","심필","ADVANCED","false",""
"PROJ1008","공학설계입문","3","MAJOR","특필","BASIC","false",""
"ELEC110001","전자공학개론","3","MAJOR","전선","BASIC","false",""
"ELEC2101","C++언어프로그래밍","3","MAJOR","전필","BASIC","false",""
"ELEC2201","MEMS기초","3","MAJOR","심선","ADVANCED","false",""
"ELEC2103","공업수학(2)","3","MAJOR","전필","BASIC","false",""
"ELEC2203","반도체공학","3","MAJOR","심선","ADVANCED","false",""
"ELEC2204","센서공학개론","3","MAJOR","심선","ADVANCED","false",""
"ELEC2205","시스템모델링및해석","3","MAJOR","심선","ADVANCED","false",""
"ELEC2105","전자기학(2)","3","MAJOR","전필","BASIC","false",""
"ELEC2206","정보통신개론","3","MAJOR","심선","ADVANCED","false",""
"ELEC2207","확률 및 랜덤변수","3","MAJOR","심선","ADVANCED","false",""
"ELEC2107","회로이론(2)","3","MAJOR","전필","BASIC","false",""
"ELEC3201","VLSI설계","3","MAJOR","심선","ADVANCED","false",""
"ELEC3202","디스플레이광학","3","MAJOR","심선","ADVANCED","false",""
"ELEC3205","로봇공학","3","MAJOR","심선","ADVANCED","false",""
"ELEC3103","마이크로프로세서","3","MAJOR","전필","BASIC","false",""
"ELEC3206","모바일로봇및실습","3","MAJOR","심선","ADVANCED","false",""
"ELEC320015","반도체 소자","3","MAJOR","심선","ADVANCED","false",""
"ELEC3210","전력전자응용","3","MAJOR","심선","ADVANCED","false",""
"ELEC3106","전자회로(2)","3","MAJOR","전필","BASIC","false",""
"ELEC3213","전자회로실험","3","MAJOR","심선","ADVANCED","false",""
"ELEC3108","제어공학(2)","3","MAJOR","전필","BASIC","false",""
"ELEC310010","통신시스템(2)","3","MAJOR","전필","BASIC","false",""
"ELEC4202","머신러닝개론","3","MAJOR","심선","ADVANCED","false",""
"ELEC4206","안테나공학","3","MAJOR","심선","ADVANCED","false",""
"ELEC4210","전력변환시스템 및 응용","3","MAJOR","심선","ADVANCED","false",""
"ELEC4212","지능로봇","3","MAJOR","심선","ADVANCED","false",""
"ELEC4214","캡스톤디자인(2)","3","MAJOR","심선","ADVANCED","false",""
"MOBL1101","AI수학","3","MAJOR","전선","BASIC","false",""
"MOBL1102","IoT기초실습","3","MAJOR","전선","BASIC","false",""
"MOBL110004","모바일AI입문","3","MAJOR","전선","BASIC","false",""
"MOBL1103","임베디드프로그래밍","3","MAJOR","전선","BASIC","false",""
"MOBL2102","IoT프로토콜","3","MAJOR","전선","BASIC","false",""
"MOBL2103","JAVA프로그래밍","3","MAJOR","전선","BASIC","false",""
"MOBL2106","디지털공학","3","MAJOR","전선","BASIC","false",""
"MOBL2107","디지털신호처리","3","MAJOR","전선","BASIC","false",""
"MOBL2110","전자기장시뮬레이션","3","MAJOR","전선","BASIC","false",""
"MOBL2111","확률및통계","3","MAJOR","전선","BASIC","false",""
"MOBL3103","데이터베이스Ⅰ","3","MAJOR","전선","BASIC","false",""
"MOBL3201","디지털통신Ⅱ","3","MAJOR","심선","ADVANCED","false",""
"MOBL3202","머신러닝Ⅱ","3","MAJOR","심선","ADVANCED","false",""
"MOBL3204","알고리즘","3","MAJOR","심선","ADVANCED","false",""
"MOBL3205","웹프로그래밍","3","MAJOR","심선","ADVANCED","false",""
"MOBL3206","전자회로및시뮬레이션Ⅱ","3","MAJOR","심선","ADVANCED","false",""
"MOBL4203","딥러닝응용설계","3","MAJOR","심선","ADVANCED","false",""
"MOBL4204","모바일웹프로그래밍","3","MAJOR","심선","ADVANCED","false",""
"MOBL4209","캡스톤디자인Ⅱ","3","MAJOR","심필","ADVANCED","false",""
"AISW1101","C언어프로그래밍","3","MAJOR","전선","BASIC","false",""
"AISW110007","Python응용","3","MAJOR","전선","BASIC","false",""
"AISW110008","소프트웨어개론","3","MAJOR","전선","BASIC","false",""
"AISW110006","인공지능과 이산수학","3","MAJOR","전선","BASIC","false",""
"AISW210015","고급데이터마이닝","3","MAJOR","전선","BASIC","false",""
"AISW2106","디지털신호응용","3","MAJOR","전선","BASIC","false",""
"AISW2108","알고리즘기초","3","MAJOR","전선","BASIC","false",""
"AISW2109","오픈소스SW프로그래밍","3","MAJOR","전선","BASIC","false",""
"AISW210014","프로그래밍언어개념과응용","3","MAJOR","전선","BASIC","false",""
"AISW320007","강화학습","3","MAJOR","심선","ADVANCED","false",""
"AISW320013","고급컴퓨터비전","3","MAJOR","심선","ADVANCED","false",""
"AISW320009","디지털통신","3","MAJOR","심선","ADVANCED","false",""
"AISW3203","심층신경망","3","MAJOR","심선","ADVANCED","false",""
"AISW310007","운영체제","3","MAJOR","전선","BASIC","false",""
"AISW420009","3D딥러닝","3","MAJOR","심선","ADVANCED","false",""
"AISW420011","인공지능프로그래밍응용","3","MAJOR","심선","ADVANCED","false",""
"AISW4206","자연어처리개념과응용","3","MAJOR","심선","ADVANCED","false",""
"AISW4208","캡스톤디자인Ⅱ","3","MAJOR","심필","ADVANCED","false",""
"INME110006","기초프로그래밍","3","MAJOR","전선","BASIC","false",""
"INME110007","지능미디어공학개론","3","MAJOR","전선","BASIC","false",""
"INME2101","JAVA프로그래밍","3","MAJOR","전선","BASIC","false",""
"INME2104","디지털신호처리","3","MAJOR","전선","BASIC","false",""
"INME2107","알고리즘","3","MAJOR","전선","BASIC","false",""
"INME2110","컴퓨터구조","3","MAJOR","전선","BASIC","false",""
"INME2111","컴퓨터네트워크","3","MAJOR","전선","BASIC","false",""
"INME1104","확률및랜덤프로세스","3","MAJOR","전선","BASIC","false",""
"INME3201","3D그래픽스프로그래밍","3","MAJOR","심선","ADVANCED","false",""
"INME3202","UNIX시스템프로그래밍","3","MAJOR","심선","ADVANCED","false",""
"INME3204","데이터베이스","3","MAJOR","심선","ADVANCED","false",""
"INME3205","디지털시스템설계","3","MAJOR","심선","ADVANCED","false",""
"INME3206","딥러닝","3","MAJOR","심선","ADVANCED","false",""
"INME3207","컴퓨터비전프로그래밍","3","MAJOR","심선","ADVANCED","false",""
"INME4202","신기술특론","3","MAJOR","심선","ADVANCED","false",""
"INME4205","인간컴퓨터상호작용","3","MAJOR","심선","ADVANCED","false",""
"INME4208","증강가상현실","3","MAJOR","심선","ADVANCED","false",""
"INME4210","캡스톤디자인Ⅱ","3","MAJOR","심필","ADVANCED","false",""
"SCSE120001","C프로그래밍기초","3","MAJOR","전필","BASIC","false",""
"PROJ120002","공학설계입문","3","MAJOR","특필","BASIC","false",""
"SCSE120003","공학수학Ⅰ","3","MAJOR","전필","BASIC","false",""
"SCSE120004","논리회로","3","MAJOR","전필","BASIC","false",""
"SCSE120007","전자기학","3","MAJOR","전필","BASIC","false",""
"SCSE220005","신호및시스템","3","MAJOR","전필","BASIC","false",""
"SCSE220007","전자회로Ⅰ","3","MAJOR","전필","BASIC","false",""
"SCSE220008","컴퓨터구조","3","MAJOR","전필","BASIC","false",""
"SCSE220010","회로이론Ⅱ","3","MAJOR","전필","BASIC","false",""
"POWR300008","경량소재공학","3","","복선","BASIC","false",""
"POWR2009","친환경전력전자","3","","복선","BASIC","false",""
"POWR400009","모빌리티 리빙랩 캡스톤디자인","3","","복선","BASIC","false",""
"POWR2005","모빌리티 설계 및 생산","3","","복선","BASIC","false",""
"POWR400005","모빌리티 캡스톤디자인 II","3","","복선","BASIC","false",""
"VECO2005","생체데이터분석","3","","복선","BASIC","false",""
"VECO3001","XR ML-AGENT","3","","복선","BASIC","false",""
"VECO400006","미래모빌리티 친환경 구동시스템","3","","복선","BASIC","false",""
"VECO3010","지능형정밀 농업기계공학","3","","복선","BASIC","false",""
"ASEN400008","모빌리티 리빙랩 캡스톤디자인","3","","복선","BASIC","false",""
"ASEN400009","무선센서개론","3","","복선","BASIC","false",""
"ASEN3004","센서 시스템 설계","3","","복선","BASIC","false",""
"ASEN400006","인공지능 및 알고리즘","3","","복선","BASIC","false",""
"ASEN4002","첨단센서융합 캡스톤디자인2","3","","복선","BASIC","false",""
"DISP2011","반도체장비 열유동해석","3","","복선","BASIC","false",""
"DISP3009","차세대 디스플레이 공학","3","","복선","BASIC","false",""
"AUMS300014","자율주행 데이터 처리","3","","복선","BASIC","false",""
"AUMS300017","차량동역학 및 제어","3","","복선","BASIC","false",""
"AUMS400017","스마트모빌리티시스템 설계","3","","복선","BASIC","false",""
"SHID4003","고급인터페이스공학","3","","복선","BASIC","false",""
"NGCC4003","V2X 통신시스템설계","3","","복선","BASIC","false",""
"NGCC4006","모빌리티 RF시스템설계","3","","복선","BASIC","false",""
"NGCC400018","모빌리티 리빙랩 캡스톤디자인","3","","복선","BASIC","false",""
"MOSW4002","로보틱스","3","","복선","BASIC","false",""
"MOSW400013","모빌리티 캡스톤디자인Ⅱ","3","","복선","BASIC","false",""
"MOSW4005","모빌리티보안","3","","복선","BASIC","false",""
"MOSW4009","자율주행플랫폼","3","","복선","BASIC","false",""
"APSW210003","JAVA프로그래밍응용","3","MAJOR","전선","BASIC","false",""
"APSW210005","데이터베이스","3","MAJOR","전선","BASIC","false",""
"APSW210006","소프트웨어공학","3","MAJOR","전선","BASIC","false",""
"APSW210007","알고리즘","3","MAJOR","전선","BASIC","false",""
"APSW320001","마이크로프로세서","3","MAJOR","심선","ADVANCED","false",""
"APSW320002","머신러닝응용","3","MAJOR","심선","ADVANCED","false",""
"APSW320003","모바일프로그래밍응용","3","MAJOR","심선","ADVANCED","false",""
"APSW320004","빅데이터분석","3","MAJOR","심선","ADVANCED","false",""
"APSW320005","웹서버구축","3","MAJOR","심선","ADVANCED","false",""
"ESYS1103","공학수학","3","MAJOR","전선","BASIC","false",""
"ESYS1104","기술 마케팅론","3","MAJOR","전선","BASIC","false",""
"ESYS420021","스마트전기시스템","3","MAJOR","전선","BASIC","false",""
"ESYS1106","전기공학입문","3","MAJOR","전선","BASIC","false",""
"ESYS110014","전기산업 이해","3","MAJOR","전선","BASIC","false",""
"ESYS1108","창의적공학설계 프로젝트","3","MAJOR","전선","BASIC","false",""
"ESYS2116","디지털공학(전기)","3","MAJOR","전선","BASIC","false",""
"ESYS2102","반도체공학","3","MAJOR","전선","BASIC","false",""
"ESYS2103","전기시스템 재료과학","3","MAJOR","전선","BASIC","false",""
"ESYS2104","전기시스템공학 문제해결","3","MAJOR","전선","BASIC","false",""
"ESYS210019","진로설계 실무","2","MAJOR","전선","BASIC","false",""
"ESYS210021","컴퓨터구조 및 아키텍처","3","MAJOR","전선","BASIC","false",""
"ESYS210022","프로그래밍 방법론 및 연습","3","MAJOR","전선","BASIC","false",""
"ESYS3203","3D프린팅 응용","3","MAJOR","심선","ADVANCED","false",""
"DSLA100288","광고조사방법론","3","MAJOR","일선","BASIC","false",""
"DSLA100282","광고학입문","3","MAJOR","일선","BASIC","false",""
"DSLA100284","디지털경제와소비자","3","LIBERAL","교선","BASIC","false",""
"ESYS4206","미래 철도공학","3","MAJOR","심선","ADVANCED","false",""
"ESYS3206","센서공학(전기)","3","MAJOR","심선","ADVANCED","false",""
"ESYS3201","송배전공학","3","MAJOR","심선","ADVANCED","false",""
"ESYS3207","신재생에너지 실습(전기)","3","MAJOR","심선","ADVANCED","false",""
"DSLA100287","인터넷활용","3","LIBERAL","교선","BASIC","false",""
"DSLA100281","초급일본어(1)","3","LIBERAL","교선","BASIC","false",""
"ESYS3213","컨버터공학(전기)","3","MAJOR","심선","ADVANCED","false",""
"ESYS3215","현장실무Ⅱ(전기)","2","MAJOR","심선","ADVANCED","false",""
"DSLA100283","홍보학입문","3","MAJOR","일선","BASIC","false",""
"DSLA100289","IT융합개론","3","LIBERAL","교선","BASIC","false",""
"DSLA100285","공학 윤리","3","LIBERAL","교선","BASIC","false",""
"DSLA100286","소방법규","3","MAJOR","일선","BASIC","false",""
"ESYS4201","에너지변환공학","3","MAJOR","심선","ADVANCED","false",""
"ESYS4203","전기시스템 제품 개발론","3","MAJOR","심선","ADVANCED","false",""
"ESYS4218","컴퓨터 구조 및 아키텍처(전기)","3","MAJOR","심선","ADVANCED","false",""
"ITSY0216","딥러닝응용","3","MAJOR","심선","ADVANCED","false",""
"ITSY0221","신기술특론","3","MAJOR","심선","ADVANCED","false",""
"ITSY0223","응용소프트웨어구현","3","MAJOR","심선","ADVANCED","false",""
"PROJ1105","공학입문설계","3","MAJOR","특필","BASIC","false",""
"CEEN1101","응용물리학","3","MAJOR","전선","BASIC","false",""
"CEEN1102","응용화학","3","MAJOR","전선","BASIC","false",""
"CEEN110003","토목공학개론","3","MAJOR","전선","BASIC","false",""
"CEEN110004","환경공학개론","3","MAJOR","전선","BASIC","false",""
"CEEN2101","건설IT개론 및 실습","2","MAJOR","전선","BASIC","false",""
"CEEN2102","건설관리","3","MAJOR","전선","BASIC","false",""
"CEEN2116","기초폐수처리공학","3","MAJOR","전선","BASIC","false",""
"CEEN2107","수문학","3","MAJOR","전선","BASIC","false",""
"CEEN210028","수질분석실험실습","2","MAJOR","전선","BASIC","false",""
"CEEN2108","수치해석및실습","2","MAJOR","전선","BASIC","false",""
"CEEN210029","스마트 수질관리공학","3","MAJOR","전선","BASIC","false",""
"CEEN2109","유체역학및실험","2","MAJOR","전선","BASIC","false",""
"CEEN2112","토목재료및시험","2","MAJOR","전선","BASIC","false",""
"CEEN2113","토목전산프로그래밍","2","MAJOR","전선","BASIC","false",""
"CEEN2114","토질역학및시험","3","MAJOR","전선","BASIC","false",""
"CEEN3117","폐기물처리공학","3","MAJOR","전선","BASIC","false",""
"CEEN2122","환경기기분석및실습","2","MAJOR","전선","BASIC","false",""
"CEEN2126","환경유체역학","3","MAJOR","전선","BASIC","false",""
"CEEN3301","강구조및합성구조설계","3","MAJOR","심선","ADVANCED","false",""
"CEEN310019","고도상수처리공학 및 설계","3","MAJOR","전선","BASIC","false",""
"CEEN3305","대기오염방지시스템설계","2","MAJOR","심선","ADVANCED","false",""
"CEEN3302","도로공학","3","MAJOR","심선","ADVANCED","false",""
"CEEN310021","물환경시스템관리 및 데이터 분석","3","MAJOR","전선","BASIC","false",""
"CEEN3303","상하수도관망설계","3","MAJOR","심선","ADVANCED","false",""
"CEEN3104","수공설계","2","MAJOR","전선","BASIC","false",""
"CEEN310022","온실가스관리공학","3","MAJOR","전선","BASIC","false",""
"CEEN3109","철근콘크리트구조설계","3","MAJOR","전선","BASIC","false",""
"CEEN310023","토양지하수오염 복원 및 위해성 평가","3","MAJOR","전선","BASIC","false",""
"CEEN330009","폐수관리 및 슬러지 처리공학","3","MAJOR","심선","ADVANCED","false",""
"CEEN330011","해안공학설계","3","MAJOR","심선","ADVANCED","false",""
"CEEN4306","ICT기반 물환경관리","3","MAJOR","심선","ADVANCED","false",""
"CEEN4307","유해가스처리공학","3","MAJOR","심선","ADVANCED","false",""
"CEEN4303","응용측량학","3","MAJOR","심선","ADVANCED","false",""
"CEEN4304","전산구조해석 및 실습","3","MAJOR","심선","ADVANCED","false",""
"PROJ4305","캡스톤디자인2(토목)","3","MAJOR","심선","ADVANCED","false",""
"PROJ4306","캡스톤디자인2(환경)","3","MAJOR","특선","BASIC","false",""
"CEEN4106","토양폐기물분석실험","3","MAJOR","전선","BASIC","false",""
"URBE1101","공간정보공학","3","MAJOR","전선","BASIC","false",""
"URBE110008","교통을말하다","3","MAJOR","전선","BASIC","false",""
"URBE1103","도시계획론","3","MAJOR","전선","BASIC","false",""
"URBE110006","도시설계의이해","3","MAJOR","전선","BASIC","false",""
"URBE110010","도시통계학","3","MAJOR","전선","BASIC","false",""
"URBE2104","교통안전","3","MAJOR","전선","BASIC","false",""
"URBE210016","교통프로그래밍","3","MAJOR","전선","BASIC","false",""
"URBE2106","단지설계","3","MAJOR","전필","BASIC","false",""
"URBE2108","도시주거학","3","MAJOR","전선","BASIC","false",""
"URBE210020","스마트도시계획","3","MAJOR","전필","BASIC","false",""
"URBE320004","교통운영시스템","3","MAJOR","심선","ADVANCED","false",""
"URBE3103","국토및지역계획","3","MAJOR","전선","BASIC","false",""
"URBE3202","도시모델링","3","MAJOR","심필","ADVANCED","false",""
"URBE320005","도시지리학","3","MAJOR","심선","ADVANCED","false",""
"URBE3106","종합설계(도시설계)","3","MAJOR","전필","BASIC","false",""
"URBE3108","환경계획론","3","MAJOR","전선","BASIC","false",""
"URBE4201","도시방재시스템","3","MAJOR","심선","ADVANCED","false",""
"URBE4204","도시정보론","3","MAJOR","심선","ADVANCED","false",""
"URBE4205","주거재생및정책","3","MAJOR","심필","ADVANCED","false",""
"PROJ110014","창의공학설계 및 구조","3","MAJOR","특필","BASIC","false",""
"ARCE2201","CAD","2","MAJOR","심선","ADVANCED","false",""
"ARCE2102","건축계획(Ⅱ)","2","MAJOR","전필","BASIC","false",""
"ARCE2104","건축공학설계(Ⅰ)","2","MAJOR","전필","BASIC","false",""
"ARCE2105","건축재료성능설계","3","MAJOR","전필","BASIC","false",""
"ARCE2108","건축환경(Ⅱ)","3","MAJOR","전필","BASIC","false",""
"ARCE2109","공학수학","3","MAJOR","전필","BASIC","false",""
"ARCE2111","구조역학응용","3","MAJOR","전필","BASIC","false",""
"ARCE3102","건설사업관리","3","MAJOR","전필","BASIC","false",""
"ARCE3203","건축구조시스템","3","MAJOR","심선","ADVANCED","false",""
"ARCE3205","건축법(Ⅱ)","2","MAJOR","심선","ADVANCED","false",""
"ARCE3206","건축설비시스템설계","2","MAJOR","심선","ADVANCED","false",""
"ARCE3207","건축시공학(Ⅱ)","3","MAJOR","심선","ADVANCED","false",""
"ARCE3208","건축재료실험","2","MAJOR","심선","ADVANCED","false",""
"ARCE3209","건축환경실험","2","MAJOR","심선","ADVANCED","false",""
"ARCE3210","철근콘크리트구조설계","3","MAJOR","심선","ADVANCED","false",""
"PROJ3203","캡스톤디자인(Ⅰ)","3","MAJOR","특필","BASIC","false",""
"ARCE4204","건설안전관리","3","MAJOR","심선","ADVANCED","false",""
"ARCE4213","건축구조설계실무","3","MAJOR","심선","ADVANCED","false",""
"ARCE4214","건축물 진단 및 유지관리","2","MAJOR","심선","ADVANCED","false",""
"ARCE4215","생태건축응용","3","MAJOR","심선","ADVANCED","false",""
"ARCE4210","캡스톤디자인(Ⅲ)","2","MAJOR","심필","ADVANCED","false",""
"ARCE4211","현대건축","2","MAJOR","심선","ADVANCED","false",""
"ARCH1103","건축설계2(기초)","4","MAJOR","전필","BASIC","false",""
"ARCH2101","건축과사회","3","MAJOR","전필","BASIC","false",""
"ARCH2103","건축설계4(기본)","5","MAJOR","전필","BASIC","false",""
"ARCH2106","건축환경","3","MAJOR","전필","BASIC","false",""
"ARCH2109","서양건축사","3","MAJOR","전필","BASIC","false",""
"ARCH3112","건축계획연구","2","MAJOR","전필","BASIC","false",""
"ARCH3103","건축설계6(심화)","5","MAJOR","전필","BASIC","false",""
"ARCH3104","건축재료","3","MAJOR","전필","BASIC","false",""
"ARCH3110","한국건축사","3","MAJOR","전필","BASIC","false",""
"ARCH3111","현대건축","2","MAJOR","전선","BASIC","false",""
"ARCH4202","건축법규","3","MAJOR","심필","ADVANCED","false",""
"ARCH4204","건축설계8(통합)","5","MAJOR","심필","ADVANCED","false",""
"ARCH4208","건축실무도서","2","MAJOR","심선","ADVANCED","false",""
"ARCH4209","건축이론과비평","3","MAJOR","심선","ADVANCED","false",""
"ARCH4211","실내디자인","2","MAJOR","심선","ADVANCED","false",""
"ARCH4216","환경친화건축","3","MAJOR","심필","ADVANCED","false",""
"ARCH5202","건축경영과실무","3","MAJOR","심필","ADVANCED","false",""
"ARCH5209","캡스톤디자인2(실무설계)","5","MAJOR","심필","ADVANCED","false",""
"KWAT2101","공학수학","3","MAJOR","전선","BASIC","false",""
"KWAT1101","기초상하수도공학","3","MAJOR","전선","BASIC","false",""
"KWAT1003","비즈니스영어","3","LIBERAL","교선","BASIC","false",""
"KWAT1005","일반화학","3","LIBERAL","교선","BASIC","false",""
"KWAT1203","현장과제Ⅰ","3","MAJOR","심선","ADVANCED","false",""
"KWAT3202","수도설비유지관리","3","MAJOR","심선","ADVANCED","false",""
"KWAT3204","수질오염분석","3","MAJOR","심선","ADVANCED","false",""
"KWAT3208","전기기기","3","MAJOR","심선","ADVANCED","false",""
"KWAT3209","전기설비관리실무","3","MAJOR","심선","ADVANCED","false",""
"KWAT3212","현장과제Ⅳ","3","MAJOR","심선","ADVANCED","false",""
"KWAT4101","확률과 통계","3","MAJOR","전선","BASIC","false",""
"INDE1101","공간디자인론","2","MAJOR","전선","BASIC","false",""
"INDE1103","디자인입문2","3","MAJOR","전필","BASIC","false",""
"INDE1105","산업디자인론","2","MAJOR","전선","BASIC","false",""
"INDE1107","색채디자인2","2","MAJOR","전선","BASIC","false",""
"INDE1109","입체디자인2","3","MAJOR","전필","BASIC","false",""
"INDE1112","평면디자인2","3","MAJOR","전필","BASIC","false",""
"INDE210021","AI 기초디자인 2","3","MAJOR","전선","BASIC","false",""
"INDE2109","CAD2","3","MAJOR","전선","BASIC","false",""
"INDE2111","공간디자인 기초2","3","MAJOR","전선","BASIC","false",""
"INDE2104","디자인재료학","2","MAJOR","전선","BASIC","false",""
"INDE2115","산업디자인 기초2","3","MAJOR","전선","BASIC","false",""
"INDE2106","스케치렌더링Ⅱ","3","MAJOR","전선","BASIC","false",""
"INDE2116","인터페이스 디자인","3","MAJOR","전선","BASIC","false",""
"INDE2117","전시디자인 스튜디오","3","MAJOR","전선","BASIC","false",""
"INDE2119","컴퓨터그래픽스 기초2","3","MAJOR","전선","BASIC","false",""
"INDE2107","프리젠테이션기법","2","MAJOR","전선","BASIC","false",""
"INDE310009","3D 이미지표현","3","MAJOR","전선","BASIC","false",""
"INDE310011","AI 심화디자인 2","3","MAJOR","전선","BASIC","false",""
"INDE3302","UX디자인 스튜디오2","3","MAJOR","심필","ADVANCED","false",""
"INDE3303","UX프로토타이핑","3","MAJOR","심선","ADVANCED","false",""
"INDE3305","공간 디지털 모델링 2","3","MAJOR","심선","ADVANCED","false",""
"PROJ3304","공간 캡스톤 디자인2","3","MAJOR","특선","BASIC","false",""
"INDE3307","공공환경디자인 스튜디오 2","3","MAJOR","심필","ADVANCED","false",""
"INDE3102","디자인교과교재 및 연구법","3","MAJOR","전선","BASIC","false",""
"INDE3104","디자인포트폴리오1","2","MAJOR","전선","BASIC","false",""
"INDE3309","실내디자인 스튜디오 2","3","MAJOR","심필","ADVANCED","false",""
"PROJ3302","제품 캡스톤 디자인2","3","MAJOR","특선","BASIC","false",""
"INDE3312","제품디자인 스튜디오2","3","MAJOR","심필","ADVANCED","false",""
"INDE430010","UX/서비스시스템 졸업연구 2(캡스톤디자인)","3","MAJOR","심선","ADVANCED","false",""
"INDE430014","공공환경디자인 졸업연구 2(캡스톤디자인)","3","MAJOR","심선","ADVANCED","false",""
"INDE4103","디자인교과논리및논술","3","MAJOR","전선","BASIC","false",""
"INDE430016","실내디자인 졸업연구 2(캡스톤디자인)","3","MAJOR","심선","ADVANCED","false",""
"INDE430012","제품디자인 졸업연구 2(캡스톤디자인)","3","MAJOR","심선","ADVANCED","false",""
"INDE410005","포트폴리오","3","MAJOR","전선","BASIC","false",""
"VMDE110025","AI와 창의적 디자인Ⅱ","3","MAJOR","전선","BASIC","false",""
"VMDE110014","디자인과 심리","2","MAJOR","전선","BASIC","false",""
"VMDE110016","디자인드로잉Ⅱ","3","MAJOR","전선","BASIC","false",""
"VMDE110020","색채조형","3","MAJOR","전선","BASIC","false",""
"VMDE110022","컴퓨터표현기법Ⅱ","3","MAJOR","전선","BASIC","false",""
"VMDE110023","포토스튜디오","3","MAJOR","전선","BASIC","false",""
"VMDE210030","3D컴퓨터그래픽스","3","MAJOR","전선","BASIC","false",""
"VMDE210016","기초시각디자인Ⅱ","3","MAJOR","전선","BASIC","false",""
"VMDE210017","디자인교육론","2","MAJOR","전선","BASIC","false",""
"VMDE210031","디자인스토리텔링","2","MAJOR","전선","BASIC","false",""
"VMDE210020","사용자연구스튜디오","3","MAJOR","전선","BASIC","false",""
"VMDE210025","일러스트레이션Ⅱ","3","MAJOR","전선","BASIC","false",""
"VMDE210027","컴퓨터표현기법Ⅳ","3","MAJOR","전선","BASIC","false",""
"VMDE210029","타이포그래피Ⅱ","3","MAJOR","전선","BASIC","false",""
"VMDE340041","캡스톤디자인(GUI디자인Ⅱ)","3","MAJOR","심선","ADVANCED","false",""
"VMDE340043","캡스톤디자인(VFX스튜디오Ⅱ)","3","MAJOR","심선","ADVANCED","false",""
"VMDE340032","캡스톤디자인(광고디자인Ⅱ)","3","MAJOR","심선","ADVANCED","false",""
"VMDE340034","캡스톤디자인(아이덴티티Ⅱ)","3","MAJOR","심선","ADVANCED","false",""
"VMDE340046","캡스톤디자인(영상콘텐츠디자인Ⅱ)","3","MAJOR","심선","ADVANCED","false",""
"VMDE340048","캡스톤디자인(웹디자인스튜디오Ⅱ)","3","MAJOR","심선","ADVANCED","false",""
"VMDE340030","캡스톤디자인(인터랙션디자인Ⅲ)","3","MAJOR","심선","ADVANCED","false",""
"VMDE340050","캡스톤디자인(캐릭터애니메이션Ⅱ)","3","MAJOR","심선","ADVANCED","false",""
"VMDE340036","캡스톤디자인(편집디자인Ⅱ)","3","MAJOR","심선","ADVANCED","false",""
"VMDE340038","캡스톤디자인(포장디자인Ⅱ)","3","MAJOR","심선","ADVANCED","false",""
"VMDE4103","캡스톤디자인(융합디자인스튜디오Ⅱ)","3","MAJOR","전선","BASIC","false",""
"VMDE4104","캡스톤디자인(융합디자인스튜디오Ⅲ)","3","MAJOR","전선","BASIC","false",""
"VMDE4105","캡스톤디자인(융합디자인스튜디오Ⅳ)","3","MAJOR","전선","BASIC","false",""
"VMDE4106","캡스톤디자인(융합디자인스튜디오Ⅴ)","3","MAJOR","전선","BASIC","false",""
"VMDE4107","캡스톤디자인(융합디자인스튜디오Ⅵ)","3","MAJOR","전선","BASIC","false",""
"VMDE4108","캡스톤디자인(융합디자인스튜디오Ⅶ)","3","MAJOR","전선","BASIC","false",""
"PROJ400011","캡스톤디자인(포트폴리오디자인)","3","MAJOR","특필","BASIC","false",""
"CCDE2101","디자인과 지식재산권","3","MAJOR","전선","BASIC","false",""
"CCDE210006","융합시스템디자인","3","MAJOR","전선","BASIC","false",""
"CCDE210008","캐리커처 디자인","3","MAJOR","전선","BASIC","false",""
"CCDE2104","프러덕트디자인","3","MAJOR","전선","BASIC","false",""
"CCDE3201","리사이클링디자인","3","MAJOR","심선","ADVANCED","false",""
"CCDE3101","미국과 영국의 문화산업","3","MAJOR","전선","BASIC","false",""
"CCDE3202","패션주얼리 디자인","3","MAJOR","심선","ADVANCED","false",""
"CCDE320008","편집디자인","3","MAJOR","심선","ADVANCED","false",""
"CCDE4201","SNS디자인","3","MAJOR","심선","ADVANCED","false",""
"CCDE4202","디자인과 마케팅","3","MAJOR","심선","ADVANCED","false",""
"CCDE4204","스페이스디자인","3","MAJOR","심선","ADVANCED","false",""
"CCDE320007","영상디자인","3","MAJOR","심선","ADVANCED","false",""
"COCS4103","응용역학","3","MAJOR","전필","BASIC","false",""
"COCS2112","컴퓨터활용설계","3","MAJOR","전필","BASIC","false",""
"COCS2101","건축구조시스템","3","MAJOR","전필","BASIC","false",""
"COCS2103","건축리모델링개론","3","MAJOR","전필","BASIC","false",""
"COCS2107","방재학","3","MAJOR","전필","BASIC","false",""
"COCS3101","수질오염관리","3","MAJOR","전필","BASIC","false",""
"COCS2108","스마트시티론","3","MAJOR","전필","BASIC","false",""
"COCS4104","토질역학","3","MAJOR","전필","BASIC","false",""
"COCS2105","도시대중교통론","3","MAJOR","전필","BASIC","false",""
"COCS3206","도시재개발","3","MAJOR","심선","ADVANCED","false",""
"COCS3208","에너지공학","3","MAJOR","심선","ADVANCED","false",""
"COCS3102","철근콘크리트 구조설계","3","MAJOR","전필","BASIC","false",""
"COCS3104","폐기물관리공학","3","MAJOR","전필","BASIC","false",""
"COCS3203","기후변화개론","2","MAJOR","심선","ADVANCED","false",""
"COCS3210","융합건설시스템 캡스톤디자인2","3","MAJOR","심필","ADVANCED","false",""
"ENGL1102","영미단편소설","3","MAJOR","전선","BASIC","false",""
"ENGL110006","영어세계탐색","3","MAJOR","전선","BASIC","false",""
"ENGL1103","영어학개론","3","MAJOR","전선","BASIC","false",""
"ENGL1105","영어회화(2)","2","MAJOR","전선","BASIC","false",""
"ENGL2201","ESP영작문(2)","3","MAJOR","심선","ADVANCED","false",""
"ENGL2202","미국문학사","3","MAJOR","심선","ADVANCED","false",""
"ENGL2104","시사영어","3","MAJOR","전선","BASIC","false",""
"ENGL2105","시청각영어(1)","2","MAJOR","전선","BASIC","false",""
"ENGL2107","영국시","3","MAJOR","전선","BASIC","false",""
"ENGL2204","영어문장연습","3","MAJOR","심선","ADVANCED","false",""
"ENGL2113","영어청해(2)","2","MAJOR","전선","BASIC","false",""
"ENGL2115","영어회화(4)","2","MAJOR","전선","BASIC","false",""
"ENGL3201","미국소설(1)","3","MAJOR","심선","ADVANCED","false",""
"ENGL3204","영국문학사","3","MAJOR","심선","ADVANCED","false",""
"ENGL3102","영국소설(2)","3","MAJOR","전선","BASIC","false",""
"ENGL3206","영어교수법","3","MAJOR","심선","ADVANCED","false",""
"ENGL3104","영어사","3","MAJOR","전선","BASIC","false",""
"ENGL3106","영어음운론","3","MAJOR","전선","BASIC","false",""
"ENGL3209","영작문(4)","2","MAJOR","심선","ADVANCED","false",""
"ENGL4202","고급실용영어(2)","3","MAJOR","심선","ADVANCED","false",""
"ENGL4110","영어화용론","3","MAJOR","전선","BASIC","false",""
"ENGL4208","영화와영미문학","3","MAJOR","심선","ADVANCED","false",""
"CHIN110012","아하 중국: 아무도 모르는 하이라이트 중국","2","MAJOR","전선","BASIC","false",""
"CHIN110006","초급중국어강독(2)","3","MAJOR","전선","BASIC","false",""
"CHIN110008","초급중국어문법","2","MAJOR","전선","BASIC","false",""
"CHIN110010","초급중국어회화(2)","3","MAJOR","전선","BASIC","false",""
"CHIN210014","스토리텔링중국어(2)","2","MAJOR","전선","BASIC","false",""
"CHIN2106","중국어학개론(2)-음성학","3","MAJOR","전선","BASIC","false",""
"CHIN210016","중급중국어강독(2)","3","MAJOR","전선","BASIC","false",""
"CHIN210018","중급중국어회화(2)","3","MAJOR","전선","BASIC","false",""
"CHIN2112","한문강독(2)","3","MAJOR","전선","BASIC","false",""
"CHIN310017","고급중국어강독(2)","3","MAJOR","전선","BASIC","false",""
"CHIN310019","고급중국어회화(2)","3","MAJOR","전선","BASIC","false",""
"CHIN310021","스토리텔링중국어(4)","2","MAJOR","전선","BASIC","false",""
"CHIN3103","중국문학개론(2)","3","MAJOR","심선","ADVANCED","false",""
"CHIN3201","중국어교과 교재 및 연구법","3","MAJOR","심선","ADVANCED","false",""
"CHIN3107","중국어문법(2)","3","MAJOR","전선","BASIC","false",""
"CHIN3111","캡스톤디자인(중국문화)(2)","2","MAJOR","전선","BASIC","false",""
"CHIN4104","고전산문 깊이 읽기","3","MAJOR","전선","BASIC","false",""
"CHIN420012","비즈니스중국어(2)","3","MAJOR","심선","ADVANCED","false",""
"CHIN410014","실전중국어회화(2)","2","MAJOR","심선","ADVANCED","false",""
"CHIN410012","연강중국어","3","MAJOR","전선","BASIC","false",""
"CHIN4203","중국 문학 작품 감상(2)-소설, 희곡","2","MAJOR","심선","ADVANCED","false",""
"CHIN410013","중국명작의현대적이해","3","MAJOR","심선","ADVANCED","false",""
"CHIN4205","중국어교과교육론","3","MAJOR","심선","ADVANCED","false",""
"CHIN4206","중국어작문(2)","3","MAJOR","심선","ADVANCED","false",""
"JPAN1102","기초일본어(2)","3","MAJOR","전선","BASIC","false",""
"JPAN110008","기초일본어한자","3","MAJOR","전선","BASIC","false",""
"JPAN110010","슬기로운 일본어 첫걸음","2","MAJOR","전선","BASIC","false",""
"JPAN1105","초급일본어강독(2)","3","MAJOR","전선","BASIC","false",""
"JPAN1107","초급일본어회화(2)","2","MAJOR","전선","BASIC","false",""
"JPAN2102","일본어강독(2)","3","MAJOR","전선","BASIC","false",""
"JPAN2202","일본어문법(2)","3","MAJOR","심선","ADVANCED","false",""
"JPAN2104","일본어문장연습(2)","3","MAJOR","전선","BASIC","false",""
"JPAN1103","일본어문형연습","3","MAJOR","전선","BASIC","false",""
"JPAN2105","일본어원서이해(1)","3","MAJOR","전선","BASIC","false",""
"JPAN2203","일본어학개론","3","MAJOR","심선","ADVANCED","false",""
"JPAN2204","일본학세미나","3","MAJOR","심선","ADVANCED","false",""
"JPAN2108","중급일본어회화(2)","2","MAJOR","전선","BASIC","false",""
"JPAN3201","글로벌 캡스톤디자인(일본문화)(2)","3","MAJOR","심선","ADVANCED","false",""
"JPAN3104","실무일본어 문서작성(2)","2","MAJOR","전선","BASIC","false",""
"JPAN3106","실무일본어(2)","2","MAJOR","전선","BASIC","false",""
"JPAN3204","일본문학개론(2)","3","MAJOR","심선","ADVANCED","false",""
"JPAN3206","일본문화(2)","3","MAJOR","심선","ADVANCED","false",""
"JPAN3207","일본소설과스토리텔링","3","MAJOR","심선","ADVANCED","false",""
"JPAN3107","일본어원서이해(2)","3","MAJOR","전선","BASIC","false",""
"JPAN3210","한일 이문화커뮤니케이션 교육(2)","3","MAJOR","심선","ADVANCED","false",""
"JPAN4206","일본어경어연습","3","MAJOR","심선","ADVANCED","false",""
"JPAN4208","일본어교과논리및논술","3","MAJOR","심선","ADVANCED","false",""
"JPAN4209","일본어교육론","3","MAJOR","심선","ADVANCED","false",""
"PUBP1101","민법Ⅰ","3","MAJOR","전선","BASIC","false",""
"PUBP1102","법학개론","3","MAJOR","전필","BASIC","false",""
"PUBP1104","지방자치론","3","MAJOR","전선","BASIC","false",""
"PUBP1105","행정학개론","3","MAJOR","전필","BASIC","false",""
"PUBP1107","헌법Ⅰ","3","MAJOR","전선","BASIC","false",""
"PUBP2102","관료제도론","3","MAJOR","전선","BASIC","false",""
"PUBP2104","산업정책론","3","MAJOR","전선","BASIC","false",""
"PUBP2107","재무행정론","3","MAJOR","전선","BASIC","false",""
"PUBP2108","주식회사법 I","3","MAJOR","전선","BASIC","false",""
"PUBP2109","지식재산법 I","3","MAJOR","전선","BASIC","false",""
"PUBP3105","행정법Ⅱ","3","MAJOR","전선","BASIC","false",""
"PUBP2205","헌법Ⅲ","3","MAJOR","심선","ADVANCED","false",""
"PUBP3203","공기업론","3","MAJOR","심선","ADVANCED","false",""
"PUBP3103","디지털 저작권법","3","MAJOR","전선","BASIC","false",""
"PUBP2204","추리의 기법(추리논증)","3","MAJOR","심선","ADVANCED","false",""
"PUBP3214","행정조직법","3","MAJOR","심선","ADVANCED","false",""
"PUBP3210","형법Ⅱ","3","MAJOR","심선","ADVANCED","false",""
"PUBP4216","공법실무","3","MAJOR","심선","ADVANCED","false",""
"PUBP4203","기업법세미나","3","MAJOR","심선","ADVANCED","false",""
"PUBP4205","법정책학","3","MAJOR","심선","ADVANCED","false",""
"PUBP4210","지식재산판례연구","3","MAJOR","심선","ADVANCED","false",""
"ECON110004","거시경제의 이해","3","MAJOR","전필","BASIC","false",""
"ECON2101","거시경제학","3","MAJOR","전필","BASIC","false",""
"ECON2201","경제사","3","MAJOR","심선","ADVANCED","false",""
"ECON1101","경제수학","3","MAJOR","전필","BASIC","false",""
"ECON2106","부동산경제학","3","MAJOR","전선","BASIC","false",""
"ECON2107","산업경제학","3","MAJOR","전선","BASIC","false",""
"ECON2206","창업과 벤처금융","3","MAJOR","심선","ADVANCED","false",""
"ECON2208","취업영어Ⅱ","3","MAJOR","심선","ADVANCED","false",""
"ECON2209","통계분석실습","3","MAJOR","심선","ADVANCED","false",""
"ECON2111","환경경제학","3","MAJOR","전선","BASIC","false",""
"ECON3101","국제금융론","3","MAJOR","전필","BASIC","false",""
"ECON3206","금융제도와 경제","3","MAJOR","심선","ADVANCED","false",""
"ECON3105","노사관계론","3","MAJOR","전선","BASIC","false",""
"ECON3110","지역경제론","3","MAJOR","전선","BASIC","false",""
"ECON3216","캡스톤디자인(경제학)","3","MAJOR","심선","ADVANCED","false",""
"ECON3217","후생경제학","3","MAJOR","심선","ADVANCED","false",""
"ECON4201","경제분석세미나","3","MAJOR","심선","ADVANCED","false",""
"ECON4205","국제경제정책","3","MAJOR","심선","ADVANCED","false",""
"ECON420027","실증미시경제학","3","MAJOR","심선","ADVANCED","false",""
"ECON4217","자산운용전략","3","MAJOR","심선","ADVANCED","false",""
"CUFE3102","국제금융론","3","MAJOR","전선","BASIC","false",""
"CUFE4103","금융경제특강","3","MAJOR","전선","BASIC","false",""
"CUFE3109","신협회계","3","MAJOR","전선","BASIC","false",""
"CUFE4118","중소기업금융","3","MAJOR","전선","BASIC","false",""
"CUFE3114","채권관리","3","MAJOR","전선","BASIC","false",""
"CUFE4120","한국금융경제론","3","MAJOR","전선","BASIC","false",""
"BIZA1101","4차산업혁명과 정보기술","3","MAJOR","전선","BASIC","false",""
"BIZA110008","경영학콘서트","3","MAJOR","전선","BASIC","false",""
"BIZA1106","회계학원론","3","MAJOR","전필","BASIC","false",""
"BIZA2207","브랜드관리","3","MAJOR","심선","ADVANCED","false",""
"BIZA2209","서비스운영관리","3","MAJOR","심선","ADVANCED","false",""
"BIZA2210","소비자행동론","3","MAJOR","심선","ADVANCED","false",""
"BIZA2103","재무관리","3","MAJOR","전필","BASIC","false",""
"BIZA2104","재무회계","3","MAJOR","전필","BASIC","false",""
"BIZA2211","조직론","3","MAJOR","심선","ADVANCED","false",""
"BIZA3101","국제경영론","3","MAJOR","전필","BASIC","false",""
"BIZA3206","기계가 학습하는 법","3","MAJOR","심선","ADVANCED","false",""
"BIZA3102","기술경영론","3","MAJOR","전필","BASIC","false",""
"BIZA3212","소매관리","3","MAJOR","심선","ADVANCED","false",""
"BIZA3214","원가회계","3","MAJOR","심선","ADVANCED","false",""
"BIZA3215","유통관리론","3","MAJOR","심선","ADVANCED","false",""
"BIZA4201","21세기첨단경영론","3","MAJOR","심선","ADVANCED","false",""
"BIZA4205","국제마케팅","3","MAJOR","심선","ADVANCED","false",""
"BIZA3205","금융리스크관리","3","MAJOR","심선","ADVANCED","false",""
"BIZA4212","노사관계론","3","MAJOR","심선","ADVANCED","false",""
"BIZA4213","미래예측과 혁신전략","3","MAJOR","심선","ADVANCED","false",""
"BIZA4221","이문화관리와 협상","3","MAJOR","심선","ADVANCED","false",""
"BIZA4229","품질경영","3","MAJOR","심선","ADVANCED","false",""
"ACCT0203","고급회계","3","MAJOR","심선","ADVANCED","false",""
"ACCT0206","관리회계2","3","MAJOR","심선","ADVANCED","false",""
"ACCT0246","기업법","3","MAJOR","심선","ADVANCED","false",""
"ACCT0122","법인세법-2","3","MAJOR","전필","BASIC","false",""
"ACCT0112","재무관리","3","MAJOR","전필","BASIC","false",""
"ACCT0226","전산회계실습","3","MAJOR","심선","ADVANCED","false",""
"ACCT0117","창업경영론","3","MAJOR","전필","BASIC","false",""
"ACCT0240","회계학연습","3","MAJOR","심선","ADVANCED","false",""
"ACCT0243","세무회계실무사례2","3","MAJOR","심선","ADVANCED","false",""
"ACCT0227","정부 및 비영리회계","3","MAJOR","심선","ADVANCED","false",""
"ACTX210002","경영통계학","3","MAJOR","전필","BASIC","false",""
"ACTX110002","경제학원론","3","MAJOR","전선","BASIC","false",""
"ACTX210005","세법개론","3","MAJOR","전선","BASIC","false",""
"ACTX210008","재무회계학개론","3","MAJOR","전필","BASIC","false",""
"ACTX110003","회계이론의 기초","3","MAJOR","전선","BASIC","false",""
"ACTX110004","회계학원론","3","MAJOR","전필","BASIC","false",""
"ACTX320004","경영과학","3","MAJOR","심선","ADVANCED","false",""
"ACTX320012","소득세법","3","MAJOR","심선","ADVANCED","false",""
"ACTX210006","원가회계-2","3","MAJOR","전필","BASIC","false",""
"ACTX310004","중급회계2","3","MAJOR","전필","BASIC","false",""
"ACTX310006","회계정보시스템","3","MAJOR","전필","BASIC","false",""
"ACTX320022","회계캡스톤디자인2","3","MAJOR","심선","ADVANCED","false",""
"SEBM2102","비즈니스모델 개발과 검증","3","MAJOR","전선","BASIC","false",""
"SEBM2104","산업조사분석론-창업네트워킹","3","MAJOR","전선","BASIC","false",""
"SEBM2105","창업마케팅","3","MAJOR","전선","BASIC","false",""
"SEBM2107","창업의사결정이해","3","MAJOR","전선","BASIC","false",""
"SEBM3102","기술사업화","3","MAJOR","전선","BASIC","false",""
"SEBM3103","사업계획서 작성 심화","3","MAJOR","전선","BASIC","false",""
"SEBM3105","생산의 이해","3","MAJOR","전선","BASIC","false",""
"SEBM3106","창업인사관리","3","MAJOR","전선","BASIC","false",""
"SEBM3110","투자론","3","MAJOR","전선","BASIC","false",""
"SEBM4203","기업경영분석","3","MAJOR","심선","ADVANCED","false",""
"SEBM4207","창업경영실습(III)","3","MAJOR","심선","ADVANCED","false",""
"SEBM4208","창업경영실습(IV)","3","MAJOR","심선","ADVANCED","false",""
"SEBM4213","창업응용프로젝트(II)","3","MAJOR","심선","ADVANCED","false",""
"ATRE0103","경영통계","3","MAJOR","전선","BASIC","false",""
"ATRE110002","부동산학원론Ⅰ","3","MAJOR","전선","BASIC","false",""
"ATRE110003","세법개론","3","MAJOR","전선","BASIC","false",""
"ATRE0108","법인세법","3","MAJOR","전선","BASIC","false",""
"ATRE0210","원가관리","3","MAJOR","심선","ADVANCED","false",""
"ATRE0117","중급회계입문","3","MAJOR","전선","BASIC","false",""
"ATRE0119","회계정보시스템","3","MAJOR","전선","BASIC","false",""
"ATRE210001","회계프로그램입문","3","MAJOR","전선","BASIC","false",""
"ATRE0104","고급회계","3","MAJOR","전선","BASIC","false",""
"ATRE0106","국제경영학","3","MAJOR","전선","BASIC","false",""
"ATRE0110","부동산투자론","3","MAJOR","전선","BASIC","false",""
"ATRE0209","상속세법 및 증여세법","3","MAJOR","심선","ADVANCED","false",""
"ATRE0216","증권투자론","3","MAJOR","심선","ADVANCED","false",""
"ATRE0220","회계감사","3","MAJOR","심선","ADVANCED","false",""
"ATRE0202","관리회계사례","3","MAJOR","심선","ADVANCED","false",""
"DSLA100275","대학영어","3","LIBERAL","교선","BASIC","false",""
"DSMJ100115","생산관리","3","MAJOR","일선","BASIC","false",""
"ATRE0211","은퇴설계","3","MAJOR","심선","ADVANCED","false",""
"DSLA100273","인성교육1","1","LIBERAL","교선","BASIC","false",""
"DSMJ100116","조직행위론","3","MAJOR","전선","BASIC","false",""
"DSLA100274","토익입문1","4","LIBERAL","교선","BASIC","false",""
"ATRE0221","회계윤리","3","MAJOR","심선","ADVANCED","false",""
"SHLD3007","스마트 휴먼라이프 디자인설계(캡스톤디자인)","3","MAJOR","융필","BASIC","false",""
"SHLD4003","스마트 휴먼라이프 디자인 프로젝트 개발(캡스톤디자인)","3","MAJOR","융필","BASIC","false",""
"SFAC3009","메카트로닉스기초2","3","MAJOR","융선","BASIC","false",""
"SFAC3007","디지털매뉴팩처링","3","MAJOR","융선","BASIC","false",""
"SFAC3017","스마트생산시스템","3","MAJOR","융선","BASIC","false",""
"SFAC3022","스마트팩토리물류","3","MAJOR","융선","BASIC","false",""
"IUDT3001","3D프린팅","3","MAJOR","융선","BASIC","false",""
"IUDT2001","기술창업과 디지털 경영","3","MAJOR","융필","BASIC","false",""
"META300002","메타버스 콘텐츠 기획","3","MAJOR","융선","BASIC","false",""
"META400002","메타버스 포트폴리오","3","MAJOR","융선","BASIC","false",""
"HUSS300008","디지털 기술트렌드","3","MAJOR","연선","BASIC","false",""
"HUSS300001","사회 빅데이터 분석","3","MAJOR","연선","BASIC","false",""
"HUSS300019","초연결시대 사업전략","3","MAJOR","연선","BASIC","false",""
"HUSS200005","사회적 기업과 조직이론","3","MAJOR","연선","BASIC","false",""
"MSSS2001","군사학2(안전 및 조직관리 사례연구)","2","MAJOR","일선","BASIC","false",""
"MSSS4001","군사학4(조직리더십 사례연구)","2","MAJOR","일선","BASIC","false",""
"LAUU1001","대전의 재발견","2","MAJOR","일선","BASIC","false",""
"LAUU1002","인문학의 향기","2","MAJOR","일선","BASIC","false",""
"PROJ1001","다학제간캡스톤디자인1","3","MAJOR","특선","BASIC","false",""
"PROJ2001","다학제간캡스톤디자인2","3","MAJOR","특선","BASIC","false",""
"SPAC300005","반도체소재설계","3","MAJOR","산선","BASIC","false",""
"SPAC400006","반도체소자동작특성","3","","산필","BASIC","false",""
"SPAC400009","유연반도체소재공학","3","","산필","BASIC","false",""
"EXHI300004","전시인터랙션디자인 스튜디오2","3","MAJOR","산선","BASIC","false",""
"EXHI400002","전시인터랙션디자인 졸업연구2","3","MAJOR","산선","BASIC","false",""
"LAWP300001","민사법심화","3","MAJOR","산선","BASIC","false",""
"LAWP300006","형사법심화","3","MAJOR","산선","BASIC","false",""
"SSER1001","사회봉사","1","MAJOR","일선","BASIC","false",""
"OCMJ300134","中國經濟(三上)","2","MAJOR","심선","ADVANCED","false",""
"OCMJ300009","中國歷史1(三上)","2","MAJOR","심선","ADVANCED","false",""
"OCMJ300137","當代北京人(三上)","2","MAJOR","심선","ADVANCED","false",""
"OCMJ300136","考古與博物館(三上)","2","MAJOR","심선","ADVANCED","false",""
"OCMJ300135","邏輯學(三上)","2","MAJOR","심선","ADVANCED","false",""
"OCMJ300133","高級漢語聽說1(三上)","2","MAJOR","심선","ADVANCED","false",""
"OCMJ300132","高級漢語讀寫1(三上)","3","MAJOR","심선","ADVANCED","false",""
"SPDC300014","캡스톤디자인3","3","","특융선","BASIC","false",""
"SCDC300004","반도체융합특강","3","","특융선","BASIC","false",""
"SCDC300011","캡스톤디자인3","3","","특융선","BASIC","false",""
"BDCO400001","빅데이터융합특론","3","MAJOR","융선","BASIC","false",""
"ETCV200001","학습분석의 이해","3","MAJOR","융선","BASIC","false",""
"NGEN1013","4차 산업혁명의 핵심기술","3","LIBERAL","교선","BASIC","false","일반교양"
"NBAS1001","C 프로그래밍","3","LIBERAL","교필","BASIC","false","기초교양"
"NBAS1003","Python 프로그래밍","3","LIBERAL","교필","BASIC","false","기초교양"
"NGLI1001","SF로 보는 미래","3","LIBERAL","교선","BASIC","false","일반교양"
"NBAS1004","Scratch 프로그래밍","3","LIBERAL","교필","BASIC","false","기초교양"
"NCFR1001","경제와 사회","3","LIBERAL","교선","BASIC","false","핵심교양"
"NSPH1002","고급물리학 및 실험Ⅱ","3","LIBERAL","교선","BASIC","false","공학기초"
"NSMA1002","고급미분적분학Ⅱ","3","LIBERAL","교선","BASIC","false","공학기초"
"NGLI1002","고전읽기","3","LIBERAL","교선","BASIC","false","일반교양"
"NGSC1001","공간과학","3","LIBERAL","교선","BASIC","false","일반교양"
"NBAS1008","공학 글쓰기","2","LIBERAL","교필","BASIC","false","기초교양"
"NGHI100018","과학기술과 사회","3","LIBERAL","교선","BASIC","false","일반교양"
"NGEN1010","과학기술과 지식재산","3","LIBERAL","교선","BASIC","false","일반교양"
"NGPH1001","과학기술과 철학의 하이브리드","3","LIBERAL","교선","BASIC","false","일반교양"
"NCCR1001","과학기술사","3","LIBERAL","교선","BASIC","false","핵심교양"
"NGGL1001","교양한문","3","LIBERAL","교선","BASIC","false","일반교양"
"NGHI1001","국가행정의 이해","3","LIBERAL","교선","BASIC","false","일반교양"
"NGEN1009","기업경영의 이해","3","LIBERAL","교선","BASIC","false","일반교양"
"NGSW1001","기초 모바일 앱 프로그래밍","3","LIBERAL","교선","BASIC","false","일반교양"
"NSPH1003","기초물리학","3","LIBERAL","교선","BASIC","false","공학기초"
"NSMA1003","기초미분적분학","3","LIBERAL","교선","BASIC","false","공학기초"
"NSMA1004","기초통계학","3","LIBERAL","교선","BASIC","false","공학기초"
"NGPH1009","나눔의 교육","3","LIBERAL","교선","BASIC","false","일반교양"
"NGPH1002","논어와 현대사회","3","LIBERAL","교선","BASIC","false","일반교양"
"NGHI1002","뉴미디어와 현대사회","3","LIBERAL","교선","BASIC","false","일반교양"
"NGHI1014","다문화 사회","3","LIBERAL","교선","BASIC","false","일반교양"
"NBAS1005","대학영어","2","LIBERAL","교필","BASIC","false","기초교양"
"NSMA3001","데이터 모델링","3","LIBERAL","교선","BASIC","false","공학기초"
"NGSW1002","데이터로 표현하는 세상","3","LIBERAL","교선","BASIC","false","일반교양"
"NGHI1003","동북아시아사","3","LIBERAL","교선","BASIC","false","일반교양"
"NGHI1015","동서문명의 교류","3","LIBERAL","교선","BASIC","false","일반교양"
"NGLI1003","디자인과 생활","2","LIBERAL","교선","BASIC","false","일반교양"
"NGLI1004","문학의 이해","3","LIBERAL","교선","BASIC","false","일반교양"
"NGEN1007","문화콘텐츠비즈니스","3","LIBERAL","교선","BASIC","false","일반교양"
"NCCH1002","문화콘텐츠스토리텔링","3","LIBERAL","교선","BASIC","false","핵심교양"
"NSPH1004","물리학 및 실험Ⅰ","3","LIBERAL","교선","BASIC","false","공학기초"
"NSPH1005","물리학 및 실험Ⅱ","3","LIBERAL","교선","BASIC","false","공학기초"
"NGHI1004","미국문화의 이해","3","LIBERAL","교선","BASIC","false","일반교양"
"NSMA1005","미분방정식","3","LIBERAL","교선","BASIC","false","공학기초"
"NSMA1006","미분적분학Ⅰ","3","LIBERAL","교선","BASIC","false","공학기초"
"NSMA1007","미분적분학Ⅱ","3","LIBERAL","교선","BASIC","false","공학기초"
"NGLI1005","미술의 이해","2","LIBERAL","교선","BASIC","false","일반교양"
"NBAS1007","발표와 토론","2","LIBERAL","교필","BASIC","false","기초교양"
"NGLI1008","베스트셀러읽기","3","LIBERAL","교선","BASIC","false","일반교양"
"NGSC1003","생활 속의 과학","3","LIBERAL","교선","BASIC","false","일반교양"
"NGSC1004","생활 속의 수학","3","LIBERAL","교선","BASIC","false","일반교양"
"NGHI1005","생활과 법률","3","LIBERAL","교선","BASIC","false","일반교양"
"NGEN1014","생활과 세금","2","LIBERAL","교선","BASIC","false","일반교양"
"NGHI1006","서양사의 이해","3","LIBERAL","교선","BASIC","false","일반교양"
"NSMA1009","선형대수학","3","LIBERAL","교선","BASIC","false","공학기초"
"NGEN1015","세계경제의 이해","3","LIBERAL","교선","BASIC","false","일반교양"
"NGHI1007","세계사의 이해","3","LIBERAL","교선","BASIC","false","일반교양"
"NCFR3001","세계시민과 국가","3","LIBERAL","교선","BASIC","false","핵심교양"
"NGGL1002","스페인어","3","LIBERAL","교선","BASIC","false","일반교양"
"NGSP1003","스포츠와 건강","2","LIBERAL","교선","BASIC","false","일반교양"
"NGSP1004","스포츠와 비판적사고","3","LIBERAL","교선","BASIC","false","일반교양"
"NCCR1002","심리분석","3","LIBERAL","교선","BASIC","false","핵심교양"
"NGEN1003","알기쉬운 실용금융","3","LIBERAL","교선","BASIC","false","일반교양"
"NGEN200001","양자 정보과학 및 컴퓨터","3","LIBERAL","교선","BASIC","false","일반교양"
"NGLI1006","언어와 사회","3","LIBERAL","교선","BASIC","false","일반교양"
"NGHI1008","여성학","3","LIBERAL","교선","BASIC","false","일반교양"
"NCFR1003","역사와 문화","3","LIBERAL","교선","BASIC","false","핵심교양"
"NGGL1003","영어I","3","LIBERAL","교선","BASIC","false","일반교양"
"NGGL2001","영어II","3","LIBERAL","교선","BASIC","false","일반교양"
"NGLI100010","오케스트라와 교향곡의 세계","2","LIBERAL","교선","BASIC","false","일반교양"
"NGLI100011","오페라 산책","2","LIBERAL","교선","BASIC","false","일반교양"
"NGSP1005","웰빙시대의 건강관리","3","LIBERAL","교선","BASIC","false","일반교양"
"NGSW1003","웹과 인터넷","3","LIBERAL","교선","BASIC","false","일반교양"
"NGEN1004","융복합경영","3","LIBERAL","교선","BASIC","false","일반교양"
"NGLI1007","음악의 이해","2","LIBERAL","교선","BASIC","false","일반교양"
"NCCR1003","인간과 윤리","3","LIBERAL","교선","BASIC","false","핵심교양"
"NCCH1003","인간과 환경","3","LIBERAL","교선","BASIC","false","핵심교양"
"NCFR1004","인간삶과 교육","3","LIBERAL","교선","BASIC","false","핵심교양"
"NGPH3001","인간심리의 이해","3","LIBERAL","교선","BASIC","false","일반교양"
"NCCH1004","인간의 탐색","3","LIBERAL","교선","BASIC","false","핵심교양"
"NGPH1004","인공지능 윤리","3","LIBERAL","교선","BASIC","false","일반교양"
"NGLI100012","인공지능과 리터러시","3","LIBERAL","교선","BASIC","false","일반교양"
"NCCH3001","인권과 사회","3","LIBERAL","교선","BASIC","false","핵심교양"
"NSBI1001","일반생물학","3","LIBERAL","교선","BASIC","false","공학기초"
"NSBI1003","일반생물학Ⅱ","3","LIBERAL","교선","BASIC","false","공학기초"
"NSCH1001","일반화학","3","LIBERAL","교선","BASIC","false","공학기초"
"NGHI1009","일본문화의 이해","3","LIBERAL","교선","BASIC","false","일반교양"
"NGGL1004","일본어I","3","LIBERAL","교선","BASIC","false","일반교양"
"NGGL1005","일본어II","3","LIBERAL","교선","BASIC","false","일반교양"
"NGSC1005","자연과학개론","3","LIBERAL","교선","BASIC","false","일반교양"
"NCCH1006","종교와 문화","3","LIBERAL","교선","BASIC","false","핵심교양"
"NGHI1010","중국문화의 이해","3","LIBERAL","교선","BASIC","false","일반교양"
"NGGL1008","중국어I","3","LIBERAL","교선","BASIC","false","일반교양"
"NGHI1011","지역사회의 이해","3","LIBERAL","교선","BASIC","false","일반교양"
"NGEN1008","창업의 이해","2","LIBERAL","교선","BASIC","false","일반교양"
"NBAS1010","창의 글쓰기","2","LIBERAL","교필","BASIC","false","기초교양"
"NGPH1010","창의적 문제해결","3","LIBERAL","교선","BASIC","false","일반교양"
"NGPH1006","텍스트로 배우는 동양의 지혜","3","LIBERAL","교선","BASIC","false","일반교양"
"NGPH1007","텍스트로 배우는 서양의 지혜","3","LIBERAL","교선","BASIC","false","일반교양"
"NCCR1004","통계로 보는 세상","3","LIBERAL","교선","BASIC","false","핵심교양"
"NGGL1007","프랑스어","3","LIBERAL","교선","BASIC","false","일반교양"
"NGHI1012","한국 민속의 이해","3","LIBERAL","교선","BASIC","false","일반교양"
"NGEN1006","한국경제의 이해","3","LIBERAL","교선","BASIC","false","일반교양"
"NGHI100019","한국근현대사의 이해","3","LIBERAL","교선","BASIC","false","일반교양"
"NCFR1005","한국사의 이해","3","LIBERAL","교선","BASIC","false","핵심교양"
"NCCR1005","합리적 문제해결과 논리","3","LIBERAL","교선","BASIC","false","핵심교양"
"NGPH1008","현대사회의 인간관계론","3","LIBERAL","교선","BASIC","false","일반교양"
"NGHI1013","현대정치사","3","LIBERAL","교선","BASIC","false","일반교양"
"NSCH1003","화학 및 실험Ⅱ","3","LIBERAL","교선","BASIC","false","공학기초"
"DSLA100264","100세 시대를 위한 운동과 영양","3","LIBERAL","교선","BASIC","false",""
"DSLA300188","C언어 및 실습","3","LIBERAL","교선","BASIC","false",""
"DSLA300182","TED로 배우는 영화 속 바이오테크놀로지","3","LIBERAL","교선","BASIC","false",""
"DSLA300192","교육학개론","3","LIBERAL","교선","BASIC","false",""
"DSLA100262","글로벌 비즈니스 취업과 성장","3","LIBERAL","교선","BASIC","false",""
"DSLA300178","글로벌 시장과 비즈니스 이해","3","LIBERAL","교선","BASIC","false",""
"DSLA300176","대학생 리더의 길","3","LIBERAL","교선","BASIC","false",""
"DSLA300189","대학생 핵심역량의 이해","3","LIBERAL","교선","BASIC","false",""
"DSLA300190","메타버스 활용 디자인","3","LIBERAL","교선","BASIC","false",""
"DSLA300184","모두의 인공지능","3","LIBERAL","교선","BASIC","false",""
"DSLA300187","문화로 보는 서양사","3","LIBERAL","교선","BASIC","false",""
"DSLA100266","부동산학개론","3","LIBERAL","교선","BASIC","false",""
"DSLA300181","사례로 배우는 생활 마케팅","3","LIBERAL","교선","BASIC","false",""
"DSLA100263","생활 속의 심리학","3","LIBERAL","교선","BASIC","false",""
"DSLA300183","생활 일본어","3","LIBERAL","교선","BASIC","false",""
"DSLA300186","여행으로 배우는 중국어","3","LIBERAL","교선","BASIC","false",""
"DSLA300185","이야기로 치유하기","3","LIBERAL","교선","BASIC","false",""
"DSLA300193","인퓨징 마케팅","3","LIBERAL","교선","BASIC","false",""
"DSLA100265","제4차 산업혁명과 자기경영","3","LIBERAL","교선","BASIC","false",""
"DSLA300172","창의적 사고 기르기","3","LIBERAL","교선","BASIC","false",""
"DSLA300175","테마로 보는 유럽문화기행","3","LIBERAL","교선","BASIC","false",""
"DSLA300195","파이썬 실무활용","3","LIBERAL","교선","BASIC","false",""
"DSLA300191","행복한 삶과 존엄한 죽음","3","LIBERAL","교선","BASIC","false",""
"MSSS1003","리더쉽","2","MAJOR","일선","BASIC","false",""
"KLCC3001","매체 한국어 1","3","MAJOR","일선","BASIC","false",""
"MSSS1004","무기체계","2","MAJOR","일선","BASIC","false",""
"KLCC3004","학업 한국어 1","3","MAJOR","일선","BASIC","false",""
"KLCC3006","한국 문화의 이해","3","MAJOR","일선","BASIC","false",""
"KLCC3007","한국어 1","3","MAJOR","일선","BASIC","false",""
"KLCC3008","한국어 2","3","MAJOR","일선","BASIC","false",""
"KLCC3009","한국어 3","3","MAJOR","일선","BASIC","false",""
"KLCC0003","한국어 회화","3","MAJOR","일선","BASIC","false",""
"TEED1002","교육과정","2","","교직","BASIC","false",""
"TEED1001","교육학개론","2","","교직","BASIC","false",""
"TEED100017","디지털 교육","1","","교직","BASIC","false",""
"TEED1009","교육행정 및 교육경영","2","","교직","BASIC","false",""
"TEED1014","학교폭력의 예방 및 학생의 이해","2","","교직","BASIC","false",""
"SPHS1112","산악 트레킹","1","MAJOR","전선","BASIC","false",""
"SPHS110021","스포츠 미디어","3","MAJOR","전선","BASIC","false",""
"SPHS1113","스포츠 빅데이터 분석","3","MAJOR","전선","BASIC","false",""
"SPHS110023","스포츠 조직과 갈등론","3","MAJOR","전선","BASIC","false",""
"SPHS1109","인체해부 및 기능학","3","MAJOR","전선","BASIC","false",""
"DSLA200279","농구","3","LIBERAL","교선","BASIC","false",""
"DSLA200278","생활한자","2","LIBERAL","교선","BASIC","false",""
"SPHS3208","여가 및 레크리에이션","3","MAJOR","심선","ADVANCED","false",""
"SPHS2113","운동영양학","3","MAJOR","전선","BASIC","false",""
"SPHS2205","전공실기 및 지도(골프 II)","1","MAJOR","심선","ADVANCED","false",""
"SPHS2207","전공실기 및 지도(댄스스포츠 II)","1","MAJOR","심선","ADVANCED","false",""
"SPHS2210","필라테스(기구)","1","MAJOR","심선","ADVANCED","false",""
"DSLA200276","현대생활과건강","2","LIBERAL","교선","BASIC","false",""
"SPHS3108","스포츠 마사지","1","MAJOR","전선","BASIC","false",""
"SPHS3206","스포츠 마케팅","3","MAJOR","심선","ADVANCED","false",""
"SPHS310011","운동상해 및 처치","3","MAJOR","전선","BASIC","false",""
"SPHS3216","전공실기 및 지도(테니스 II)","1","MAJOR","심선","ADVANCED","false",""
"SPHS3110","트레이닝 방법론","3","MAJOR","전선","BASIC","false",""
"SPHS4101","노인체육론","3","MAJOR","전선","BASIC","false",""
"DSLA400280","생활속의경제","3","LIBERAL","교선","BASIC","false",""
"SPHS4203","스포츠 의학","3","MAJOR","심선","ADVANCED","false",""
"DSMJ400118","스포츠사회학","3","MAJOR","전선","BASIC","false",""
"DSMJ400119","스포츠심리학","3","MAJOR","전선","BASIC","false",""
"SPHS4208","요가의 이해와 신체밸런스","1","MAJOR","심선","ADVANCED","false",""
"SPHS4219","전공특성화실습 Ⅱ","2","MAJOR","심선","ADVANCED","false",""
"DSLA400277","철학의이해","3","LIBERAL","교선","BASIC","false",""
"SPHS4104","체육측정평가","3","MAJOR","전선","BASIC","false",""