course_code,course_name,professor,department,semester,year,lecture_time,classroom,lecture_type,section,course_number,credit
"OMNI100007","AI 이해와 활용","고진욱","소프트웨어융합교육원","1학기","1","수6,7,8,9","창의혁신관(306)","이론실습","01","2025201157","3"
"SWCE100003","SW융합 캡스톤디자인","고진욱,김태훈,정길언","소프트웨어융합교육원","1학기","3","화10,11,화12,13,수11,12","창의혁신관(307),창의혁신관(307),창의혁신관(307)","실습","01","2025201155","3"
"SWCE100004","SW융합 캡스톤디자인심화","고진욱,김태훈,정길언","소프트웨어융합교육원","1학기","3","월10,11,월12,화10,11,화12","창의혁신관(306),창의혁신관(306),창의혁신관(306),창의혁신관(306)","실습","01","2025200957","3"
"SWCE100005","데이터사이언스 개론","이정민","소프트웨어융합교육원","1학기","3","수1,2,3,4","창의혁신관(306)","이론실습","01","2025200953","3"
"SWCE100013","인공지능 개론","윤성재","소프트웨어융합교육원","1학기","3","목6,7,8,9","창의혁신관(307)","이론실습","01","2025200955","3"
"PROJ3001","융합 캡스톤디자인Ⅲ","이종원","미래창의인재교육원","1학기","3","화10,11,12,13","산학연협동관(106)","이론실습","01","2025201588","3"
"TRAI1003","표준현장실습(15주)1","이철준","미래창의인재교육원","1학기","3","","","실습","01","2025200757","3"
"TRAI2009","표준현장실습(15주)2","윤석일","미래창의인재교육원","1학기","3","","","실습","01","2025200758","3"
"TRAI3008","표준현장실습(15주)3","손윤정","미래창의인재교육원","1학기","3","","","실습","01","2025200759","3"
"TRAI4022","표준현장실습(15주)4","유완호","미래창의인재교육원","1학기","3","","","실습","01","2025200760","3"
"TRAI5003","표준현장실습(15주)5","이영헌","미래창의인재교육원","1학기","3","","","실습","01","2025200761","3"
"TEED1004","교육봉사활동","김지현","교원양성지원센터","1학기","4","","","실습","01","2025202290","2"
"PROJ1101","설계입문","윤홍석","기계공학과","1학기","1","월6,7,8","기계관(501)","이론","01","2025201649","3"
"MECH1102","정역학","신부현","기계공학과","1학기","1","월6,7,8","기계관(606)","이론","01","2025201661","3"
"GUID100002","진로설계1(자기이해와 대학생활)","임채욱","기계공학과","1학기","1","월5","기계관(501)","이론","01","2025201647","1"
"MECH2102","공업수학 (2)","임채욱","기계공학과","1학기","2","월1,2,3","기계관(502)","이론","01","2025201665","3"
"MECH2104","기계공학실험 (1)","임채욱","기계공학과","1학기","2","화6,7,8,9","기계관(502)","실습","01","2025201655","2"
"MECH2105","기계재료","하지환","기계공학과","1학기","2","목1,2,3","기계관(601)","이론","01","2025201816","3"
"MECH2201","기계제도 (2)","이강수","기계공학과","1학기","2","목2,3,4","소재관및공동실험실습관(301)","이론","02","2025201672","3"
"MECH2202","열역학 (2)","최종민","기계공학과","1학기","2","월1,2,3","기계관(501)","이론","01","2025201674","3"
"MECH2109","유체역학 (1)","김경연","기계공학과","1학기","2","월6,7,8","기계관(601)","이론","01","2025201668","3"
"GUID200002","진로설계2(진로탐색과 자기계발)","김경연","기계공학과","1학기","2","월5","기계관(502)","이론","01","2025201653","1"
"MECH2111","프리인턴쉽","이종광","기계공학과","1학기","2","","","실습","01","2025201677","3"
"MECH3101","기계공작법","이호철","기계공학과","1학기","3","월6,7,8","기계관(512)","이론","01","2025201681","3"
"MECH3202","기계요소설계 (2)","남윤의","기계공학과","1학기","3","화6,7,8","기계관(513)","이론","01","2025201685","3"
"STAR3001","기업가정신과 창업","오세구","기계공학과","1학기","3","수5","기계관(601)","이론","01","2025201680","1"
"MECH3204","나노공정개론","노진성","기계공학과","1학기","3","월6,7,8","기계관(607)","이론","02","2025201705","3"
"MECH3206","냉동 및 공기조화","최종민","기계공학과","1학기","3","월6,7,8","기계관(510)","이론","03","2025201688","3"
"MECH3207","모델링 ＆ 시뮬레이션","정길언","기계공학과","1학기","3","월6,7,8","소재관및공동실험실습관(302)","이론","01","2025201689","3"
"MECH3208","에너지공학","윤린","기계공학과","1학기","3","목2,3,4","기계관(510)","이론","01","2025201701","3"
"MECH3211","자동제어","임채욱","기계공학과","1학기","3","금1,2,3","기계관(502)","이론","01","2025201692","3"
"MECH3213","진동공학","신부현","기계공학과","1학기","3","목1,2,3","기계관(606)","이론","02","2025201695","3"
"GUID300002","진로설계3(진로설정과 경력개발)","서성현","기계공학과","1학기","3","월5","기계관(512)","이론","01","2025201678","1"
"MECH3214","최적설계","남윤의","기계공학과","1학기","3","목1,2,3","기계관(513)","이론","01","2025201697","3"
"MECH3215","추진공학","이민우","기계공학과","1학기","3","화2,3,4","기계관(510)","이론","01","2025201699","3"
"MECH4201","3D 디지털제조","하지환","기계공학과","1학기","4","화6,7,8","기계관(607)","이론","01","2025201814","3"
"MECH4202","Matlab활용CAE","김지석","기계공학과","1학기","4","수6,7,8","기계관(606)","이론","01","2025201724","3"
"GUID400002","진로설계4(취업전략과 실전취업)","김영식","기계공학과","1학기","4","월5","기계관(513)","이론","01","2025201709","1"
"PROJ4102","캡스톤디자인(2)","이호철","기계공학과","1학기","4","수1,2,3","기계관(501)","이론","01","2025201711","3"
"MSAE1102","기초소재물성론","김정환","신소재공학과","1학기","1","월2,3,4","소재관및공동실험실습관(115)","이론","01","2025200187","3"
"MSAE110006","미래소재디스커버리: AI 반도체","신기현,신동욱,김진","신소재공학과","1학기","1","목6,7,8","소재관및공동실험실습관(106)","이론","01","2025200189","3"
"MSAE110007","미래소재디스커버리: 나노·에너지","구교진,고종범,조훈휘","신소재공학과","1학기","1","화6,7,8","소재관및공동실험실습관(111)","이론","01","2025200190","3"
"MSAE1104","재료과학(2)","홍기하","신소재공학과","1학기","1","월6,7,8","소재관및공동실험실습관(106)","이론","01","2025200183","3"
"MSAE2105","기초실험(2)","김정민","신소재공학과","1학기","2","월1,2,3,4","소재관및공동실험실습관(221)","실습","01","2025200191","2"
"MSAE2107","세라믹재료","박덕용","신소재공학과","1학기","2","수1,2,3","소재관및공동실험실습관(106)","이론","01","2025200202","3"
"MSAE2108","열역학","이태규","신소재공학과","1학기","2","화1,2,3","소재관및공동실험실습관(116)","이론","01","2025200207","3"
"MSAE2109","재료역학","김정한","신소재공학과","1학기","2","수6,7,8","소재관및공동실험실습관(116)","이론","01","2025200212","3"
"MSAE2111","전자소자재료","박덕용","신소재공학과","1학기","2","화1,2,3","소재관및공동실험실습관(106)","이론","01","2025200197","3"
"MSAE3303","광정보부품공학","이종원","신소재공학과","1학기","3","화1,2,3","소재관및공동실험실습관(405)","이론","01","2025200629","3"
"MSAE3306","레이저가공학","이형근","신소재공학과","1학기","3","목1,2,3","소재관및공동실험실습관(414)","이론","01","2025200369","3"
"MSAE3307","미세전자배선공학","이택영","신소재공학과","1학기","3","목1,2,3","소재관및공동실험실습관(405)","이론","01","2025200630","3"
"MSAE3309","반도체소자공학","이택영","신소재공학과","1학기","3","월6,7,8","소재관및공동실험실습관(405)","이론","01","2025200633","3"
"MSAE3102","비철재료","김정민","신소재공학과","1학기","3","월6,7,8","소재관및공동실험실습관(115)","이론","01","2025200354","3"
"MSAE3313","세라믹스물성학","신동욱","신소재공학과","1학기","3","수6,7,8","소재관및공동실험실습관(406)","이론","01","2025200632","3"
"MSAE3315","에너지재료공학","홍기하","신소재공학과","1학기","3","수1,2,3","소재관및공동실험실습관(115)","이론","01","2025200230","3"
"MSAE3322","전자재료공정","김정환","신소재공학과","1학기","3","화2,3,4","소재관및공동실험실습관(115)","이론","01","2025200227","3"
"MSAE4301","3D모델링","이택영","신소재공학과","1학기","4","목6,7,8","소재관및공동실험실습관(416)","이론","01","2025200635","3"
"MSAE4306","나노분말공학","김정민","신소재공학과","1학기","4","수1,2,3","소재관및공동실험실습관(111)","이론","01","2025200353","3"
"MSAE4312","반도체소자실험","위정섭","신소재공학과","1학기","4","화6,7,8,9","소재관및공동실험실습관(605)","실습","01","2025200636","2"
"MSAE4325","철강재료","이태규","신소재공학과","1학기","4","수6,7,8","그린에너지관(606)","이론","01","2025200355","3"
"PROJ4310","캡스톤디자인(2)","이택영,고종범","신소재공학과","1학기","4","월2,3,월4,5","소재관및공동실험실습관(406),소재관및공동실험실습관(404)","실습","21","2025200639","2"
"PROJ4312","캡스톤디자인Ⅱ","홍기하","신소재공학과","1학기","4","월1,2,3,4","소재관및공동실험실습관(321)","실습","11","2025200346","2"
"PROJ1102","공학설계입문","임진규","화학생명공학과","1학기","1","수6,7,8","산업정보관(304)","이론","01","2025200251","3"
"CHEM110001","화학생명공학입문","박주일","화학생명공학과","1학기","1","화6,7","화학환경관(110)","이론","01","2025200840","2"
"CHEM2104","물리화학(2)","홍성욱","화학생명공학과","1학기","2","화2,3,4","화학환경관(109)","이론","01","2025200849","3"
"CHEM2106","분자세포생물학(1)","여상엽","화학생명공학과","1학기","2","목1,2,3","화학환경관(501)","이론","06","2025200262","3"
"CHEM2107","생화학(1)","이봉호","화학생명공학과","1학기","2","화1,2,3","화학환경관(502)","이론","06","2025200259","3"
"CHEM2124","수치해석","김신혁","화학생명공학과","1학기","2","목2,3,4","화학환경관(109)","이론","01","2025200859","3"
"CHEM2110","유기화학(2)","유선율","화학생명공학과","1학기","2","화6,7,8","화학환경관(108)","이론","01","2025200856","3"
"CHEM2111","유기화학실험","박정호","화학생명공학과","1학기","2","화6,7,8,9","화학환경관(419)","실습","06","2025200264","2"
"CHEM2112","응용미생물학","김창섭","화학생명공학과","1학기","2","월6,7,8","화학환경관(502)","이론","06","2025200261","3"
"CHEM2115","화공기초실험(2)","이충곤","화학생명공학과","1학기","2","월6,7,8,9","화학환경관(101)","실습","01","2025200852","2"
"CHEM2116","화공생물공학","우승한,김신혁,우승한","화학생명공학과","1학기","2","수6,7,8","화학환경관(108)","이론","01","2025200851","3"
"CHEM2117","화공양론","고장면","화학생명공학과","1학기","2","금1,2,3","화학환경관(615)","이론","06","2025200256","3"
"CHEM2119","화공양론(2)","유선율","화학생명공학과","1학기","2","월1,2,3","화학환경관(109)","이론","01","2025200854","3"
"CHEM2121","화공재료공학","유선율","화학생명공학과","1학기","2","수2,3,4","화학환경관(108)","이론","01","2025200857","3"
"CHEM3102","고분자공학실험","고장면","화학생명공학과","1학기","3","목1,2,3,4","화학환경관(419)","실습","06","2025200280","2"
"CHEM3301","고분자재료","최원산","화학생명공학과","1학기","3","수6,7,8","화학환경관(615)","이론","06","2025200271","3"
"CHEM3103","기기분석(1)","김태현","화학생명공학과","1학기","3","수1,2,3","화학환경관(615)","이론","06","2025200273","3"
"CHEM3104","기기분석실험","김태현","화학생명공학과","1학기","3","목1,2,3,4","화학환경관(418)","실습","06","2025200282","2"
"CHEM3109","물질전달","임진규","화학생명공학과","1학기","3","화2,3,4","산업정보관(304)","이론","01","2025200889","3"
"CHEM3303","반응공학(2)","이충곤","화학생명공학과","1학기","3","화1,수6,7","화학환경관(109),화학환경관(109)","이론","01","2025200879","3"
"CHEM3113","생물공학","김창섭","화학생명공학과","1학기","3","화6,7,8","화학환경관(501)","이론","06","2025200277","3"
"CHEM3304","열전달","김신혁","화학생명공학과","1학기","3","월6,7,8","화학환경관(108)","이론","01","2025200877","3"
"CHEM3117","융합응용화학","최원산","화학생명공학과","1학기","3","목6,7,8","화학환경관(615)","이론","06","2025200269","3"
"CHEM3305","의약화학","박정호","화학생명공학과","1학기","3","화1,2,3","화학환경관(615)","이론","06","2025200278","3"
"CHEM3306","천연물화학","최병욱","화학생명공학과","1학기","3","월6,7,8","화학환경관(501)","이론","06","2025200274","3"
"CHEM3120","화공안전공학","김정철","화학생명공학과","1학기","3","월2,3,4","화학환경관(108)","이론","01","2025200885","3"
"CHEM3122","화공열역학(2)","김정철","화학생명공학과","1학기","3","월6,7,8","화학환경관(109)","이론","01","2025200883","3"
"CHEM3124","화학공학실험(2)","우승한,홍성욱,우승한","화학생명공학과","1학기","3","목6,7,8,9","화학환경관(102)","실습","01","2025200874","2"
"CHEM3308","환경공학","홍성욱","화학생명공학과","1학기","3","목2,3,4","화학환경관(108)","이론","01","2025200876","3"
"CHEM4301","고분자합성","박제희","화학생명공학과","1학기","4","화6,7,8","화학환경관(502)","이론","06","2025200294","3"
"CHEM4305","기기분석 및 실습","정성원","화학생명공학과","1학기","4","월6,7,8,9","화학환경관(110)","이론실습","01","2025200909","3"
"CHEM4307","나노미립자공학","임진규","화학생명공학과","1학기","4","목2,3,4","화학환경관(110)","이론","01","2025200908","3"
"CHEM4308","나노바이오","최진실","화학생명공학과","1학기","4","화1,2,3","화학환경관(501)","이론","06","2025200293","3"
"CHEM530001","생활화학창업","우승한,변영조,우승한","화학생명공학과","1학기","4","화6,7,8","화학환경관(109)","이론","01","2025200899","3"
"CHEM4316","에너지재료","박제희","화학생명공학과","1학기","4","수6,7,8","화학환경관(502)","이론","06","2025200295","3"
"CHEM4317","유기단위공정","정성원","화학생명공학과","1학기","4","화1,2,3","전기전자관(010)","이론","01","2025200910","3"
"CHEM430027","창의종합설계(화학공학)","우승한,유선율,우승한","화학생명공학과","1학기","4","금1,2,3,4","화학환경관(108)","이론실습","01","2025200901","3"
"CHEM4324","캡스톤디자인(응용화학생명공학)","고장면","화학생명공학과","1학기","4","월1,2,3,4","화학환경관(507)","이론실습","06","2025200296","3"
"CHEM4321","화학공학특강","박주일","화학생명공학과","1학기","4","수2,3,4","화학환경관(109)","이론","01","2025200905","3"
"CHEM4325","화학산업과 인공지능의 응용","김신혁","화학생명공학과","1학기","4","월2,3,4","화학환경관(103)","이론","01","2025200906","3"
"CHEM4322","화학생명공학특강","여상엽","화학생명공학과","1학기","4","월6,7","화학환경관(507)","이론","06","2025200912","2"
"IMEN1101","산업경영공학개론","배성민","산업경영공학과","1학기","1","월6,7,8","산업정보관(202)","이론","01","2025200787","3"
"IMEN100001","산업경영공학개론(융합자율대학)","배성민","산업경영공학과","1학기","1","화6,7,8","산업정보관(101)","이론","01","2025201420","3"
"OMNI1003","스마트팩토리개론","김재성","산업경영공학과","1학기","1","화5","산업정보관(202)","이론","01","2025200789","1"
"PROJ100010","창의적공학설계(융합자율대학)","박형준","산업경영공학과","1학기","1","수6,7,8,9","산업정보관(101)","이론실습","01","2025201421","3"
"IMEN3202","감성공학","민병찬","산업경영공학과","1학기","2","수2,3,4","산업정보관(201)","이론","01","2025200798","3"
"IMEN210005","객체지향프로그래밍","신문수","산업경영공학과","1학기","2","월6,7,8,9","산업정보관(220)","이론실습","01","2025200792","3"
"IMEN210006","공업통계응용","김태구","산업경영공학과","1학기","2","화2,3,4","산업정보관(205)","이론","01","2025200796","3"
"IMEN210007","기술경영개론","곽기호","산업경영공학과","1학기","2","수6,7,8","산업정보관(204)","이론","01","2025200797","3"
"IMEN210004","선형대수","곽기호","산업경영공학과","1학기","2","월1,2,3","산업정보관(201)","이론","01","2025200793","3"
"IMEN210008","품질경영개론","백수정","산업경영공학과","1학기","2","화6,7,8","산업정보관(204)","이론","01","2025200790","3"
"IMEN3103","경영과학응용","김기태","산업경영공학과","1학기","3","화6,7,8,9","산업정보관(201)","이론실습","01","2025200800","3"
"IMEN310029","경영정보시스템","배성민","산업경영공학과","1학기","3","화1,2,3,4","산업정보관(204)","이론실습","01","2025200806","3"
"PROJ3003","글로벌캡스톤디자인","염재선","산업경영공학과","1학기","3","월1,2,3,4","산업정보관(205)","이론실습","01","2025200809","3"
"IMEN310030","실험계획법","류태범","산업경영공학과","1학기","3","수10,11,12,13","산업정보관(204)","이론실습","01","2025200802","3"
"IMEN3118","의사결정론","강진규","산업경영공학과","1학기","3","월2,3,4","산업정보관(204)","이론","01","2025200807","3"
"IMEN310031","인간공학","민병찬","산업경영공학과","1학기","3","수6,7,8","산업정보관(201)","이론","01","2025200804","3"
"IMEN3209","조사분석론","염재선","산업경영공학과","1학기","3","수1,2,3,4","산업정보관(204)","이론실습","01","2025200808","3"
"IMEN320017","품질관리및신뢰성","서재준","산업경영공학과","1학기","3","목6,7,8","산업정보관(201)","이론","01","2025200810","3"
"IMEN420006","불확실성하의 의사결정","박형준","산업경영공학과","1학기","4","화2,3,4","산업정보관(201)","이론","01","2025200816","3"
"IMEN420003","산업인공지능","박형준","산업경영공학과","1학기","4","목6,7,8","산업정보관(205)","이론","01","2025200817","3"
"IMEN3121","제품개발론","류태범","산업경영공학과","1학기","4","월6,7,8","산업정보관(205)","이론","01","2025200812","3"
"IMEN3213","품질검사","김태구","산업경영공학과","1학기","4","수6,7,8","산업정보관(205)","이론","01","2025200815","3"
"IMEN3214","프로젝트관리론","박형준","산업경영공학과","1학기","4","목2,3,4","산업정보관(205)","이론","01","2025200813","3"
"BNPE120001","건축기계설비시스템개론","오원석","설비공학과","1학기","1","금2,3,4","그린에너지관(301)","이론","01","2025200582","3"
"BNPE1101","공업수학","문주현","설비공학과","1학기","1","화6,7,8","그린에너지관(508)","이론","01","2025200585","3"
"BNPE2103","건축설비계획","임한솔","설비공학과","1학기","2","금2,3,4","그린에너지관(103)","이론","01","2025200592","3"
"BNPE2105","설비열역학","박병용","설비공학과","1학기","2","월2,3,4","그린에너지관(103)","이론","01","2025200590","3"
"BNPE2108","설비환경실험","도성록","설비공학과","1학기","2","수1,2,3,4","그린에너지관(103)","이론실습","01","2025200597","3"
"BNPE2111","위생설비설계","조진균","설비공학과","1학기","2","화1,2,3,4","그린에너지관(103)","이론실습","01","2025200612","3"
"BNPE2112","유체기계","윤영직","설비공학과","1학기","2","목2,3,4","그린에너지관(103)","이론","01","2025200594","3"
"BNPE2115","전기·제어실험","이민구","설비공학과","1학기","2","목9,10,11,12","그린에너지관(105)","이론실습","01","2025200589","3"
"BNPE3202","건물에너지성능평가","도성록","설비공학과","1학기","3","화1,2,3,4","그린에너지관(313)","이론실습","01","2025200631","3"
"BNPE3204","난방설비설계","문주현","설비공학과","1학기","3","목1,2,3,4","그린에너지관(104)","이론실습","01","2025200627","3"
"BNPE3205","설비수치해석","윤영직","설비공학과","1학기","3","월2,3,4","그린에너지관(105)","이론","01","2025200646","3"
"BNPE3206","설비자동제어","오원석","설비공학과","1학기","3","월2,3,4","그린에너지관(104)","이론","01","2025200625","3"
"BNPE3207","소방설비","이웅복","설비공학과","1학기","3","금2,3,4","그린에너지관(104)","이론","01","2025200622","3"
"BNPE3209","응용공기조화설비","조진균","설비공학과","1학기","3","수6,7,8","그린에너지관(104)","이론","01","2025200620","3"
"BNPE4202","건축설비공사관리","임한솔","설비공학과","1학기","4","수6,7,8","그린에너지관(209)","이론","01","2025200711","3"
"BNPE4205","공기조화설비TAB","박병용","설비공학과","1학기","4","화1,2,3,4","그린에너지관(209)","이론실습","01","2025200713","3"
"BNPE4212","창의적공학설계(캡스톤디자인)2","도성록","설비공학과","1학기","4","월6,7,8,9","그린에너지관(209)","이론실습","01","2025200715","3"
"PROJ1006","스마트공학설계","정우익","창의융합학과","1학기","1","목1,2,3,4","그린에너지관(811)","이론실습","01","2025200842","3"
"CCEG1102","융합공학개론2","김민회","창의융합학과","1학기","1","화6,7,8,9","그린에너지관(811)","이론실습","01","2025200841","3"
"CCEG110004","융합공학의이해","이재현","창의융합학과","1학기","1","목1,2,3","그린에너지관(1002)","이론","01","2025200872","3"
"CCEG2109","광학및실험","이재현","창의융합학과","1학기","2","목6,7,8,9","그린에너지관(811)","이론실습","01","2025200847","3"
"CCEG2105","유기재료","이종희","창의융합학과","1학기","2","화1,2,3","그린에너지관(813)","이론","01","2025202025","3"
"CCEG2107","융합의이해","이재현","창의융합학과","1학기","2","월1,2,3","그린에너지관(1002)","이론","01","2025200846","3"
"CCEG2114","전자회로및실험","김민회","창의융합학과","1학기","2","수6,7,8,9","그린에너지관(1002)","이론실습","01","2025200844","3"
"CCEG2117","파이썬데이터프로그래밍","우선미","창의융합학과","1학기","2","월6,7,8,9","창의혁신관(315)","이론실습","01","2025200845","3"
"CCEG3205","고분자공학이론및실습","이종희","창의융합학과","1학기","3","수1,2,3,4","그린에너지관(1002)","이론실습","01","2025200861","3"
"CCEG3206","스마트 공정 실험계획법","임준묵","창의융합학과","1학기","3","수6,7,8,9","그린에너지관(1003)","이론실습","01","2025200865","3"
"CCEG3207","스마트기기제어및실습","박정언","창의융합학과","1학기","3","목1,2,3,4","그린에너지관(813)","이론실습","01","2025200863","3"
"CCEG3208","스마트팩토리실습(캡스톤디자인)","최균석","창의융합학과","1학기","3","월6,7,8,9","창의혁신관(210)","이론실습","01","2025200871","3"
"CCEG4215","기초최적설계","정우익","창의융합학과","1학기","4","화6,7,8","그린에너지관(1002)","이론","01","2025200869","3"
"CCEG4202","능동형디스플레이공학","김민회","창의융합학과","1학기","4","목6,7,8","그린에너지관(1003)","이론","01","2025200866","3"
"CCEG420016","박막공학및실습","이재현","창의융합학과","1학기","4","월6,7,8,9","그린에너지관(811)","이론실습","01","2025200870","3"
"CCEG4213","전자시스템설계및실습","박정언","창의융합학과","1학기","4","수6,7,8,9","그린에너지관(813)","이론실습","01","2025200867","3"
"PROJ4005","캡스톤디자인2","박정언","창의융합학과","1학기","4","화1,2,3,4","그린에너지관(1003)","이론실습","01","2025200868","3"
"CTEC1101","기초역학","임경빈","융합기술학과","1학기","1","토1,2,3","소재관및공동실험실습관(404)","이론","01","2025200289","3"
"CTEC2101","도면의 이해(AutoCAD)","이종원","융합기술학과","1학기","1","토5,6,7","산학연협동관(416)","이론","01","2025200323","3"
"CTEC1005","설계응용수학","이택영","융합기술학과","1학기","1","금11,12,13","소재관및공동실험실습관(404)","이론","01","2025200287","3"
"CTEC2106","전자CAD(OR-CAD)","송명규","융합기술학과","1학기","1","토8,9,10","소재관및공동실험실습관(301)","이론","01","2025200322","3"
"CTEC4101","현장과제 Ⅱ","이시원","융합기술학과","1학기","1","","","실습","01","2025200324","3"
"CTEC3101","기계계측공학","김영식","융합기술학과","1학기","2","토1,2,3","소재관및공동실험실습관(416)","이론","01","2025200326","3"
"CTEC2102","디지털공학","오재우","융합기술학과","1학기","2","토8,9,10","소재관및공동실험실습관(302)","이론","01","2025200328","3"
"CTEC2103","센서활용기술","구치완","융합기술학과","1학기","2","금11,12,13","소재관및공동실험실습관(406)","이론","01","2025200325","3"
"CTEC2105","융합재료","구본급","융합기술학과","1학기","2","토5,6,7","소재관및공동실험실습관(406)","이론","01","2025200327","3"
"CTEC4104","현장과제Ⅳ","위정섭","융합기술학과","1학기","2","","","실습","01","2025200329","3"
"CTEC3201","3D CAD","윤홍석","융합기술학과","1학기","3","토5,6,7","산학연협동관(106)","이론","01","2025200333","3"
"CTEC3001","개선활동실무","조은현","융합기술학과","1학기","3","토8,9,10","소재관및공동실험실습관(406)","이론","01","2025200332","3"
"CTEC3209","용접 및 비파괴검사","고준빈","융합기술학과","1학기","3","금11,12,13","산학연협동관(415)","이론","01","2025200330","3"
"CTEC4205","컴퓨터응용가공(CAM)","이호철","융합기술학과","1학기","3","토1,2,3","소재관및공동실험실습관(401)","이론","01","2025200331","3"
"CTEC4208","현장과제Ⅵ","신동욱","융합기술학과","1학기","3","","","실습","01","2025200334","3"
"CTEC4203","마이크로프로세서제어Ⅱ","이재흥,송명규","융합기술학과","1학기","4","토1,2,3","산업정보관(418)","이론","01","2025200336","3"
"CTEC3206","사내표준화","변영조","융합기술학과","1학기","4","금11,12,13","산학연협동관(416)","이론","01","2025200335","3"
"CTEC3208","설비관리","한윤","융합기술학과","1학기","4","토8,9,10","소재관및공동실험실습관(405)","이론","01","2025200338","3"
"CTEC4001","프로젝트관리","조은현","융합기술학과","1학기","4","토5,6,7","소재관및공동실험실습관(405)","이론","01","2025200337","3"
"CTEC4210","현장과제Ⅷ","이택영","융합기술학과","1학기","4","","","실습","01","2025200339","3"
"MMCS300001","3D CAD 응용","장은숙","기계소재융합시스템공학과","1학기","1","금10,11,12,13,14,15","소재관및공동실험실습관(401)","실습","01","2025201224","3"
"MMCS110009","MATLAB 기초와 응용","김완진","기계소재융합시스템공학과","1학기","1","화10,11,12,13","그린에너지관(604)","실습","01","2025201221","2"
"MMCS1104","공학 프로그래밍언어","이홍로","기계소재융합시스템공학과","1학기","1","수10,11,12,13","소재관및공동실험실습관(401)","이론실습","01","2025201223","3"
"MMCS1105","공학수학","신부현","기계소재융합시스템공학과","1학기","1","목10,11,12","기계관(512)","이론","01","2025201222","3"
"MMCS2103","CAE(2)","유병철","기계소재융합시스템공학과","1학기","2","목10,11,12","소재관및공동실험실습관(401)","이론","01","2025201229","3"
"MMCS2104","기계 및 금속재료","박영덕","기계소재융합시스템공학과","1학기","2","화10,11,12","대덕산학융합캠퍼스(415)","이론","01","2025201228","3"
"MMCS2107","기초역학(3)","김건희","기계소재융합시스템공학과","1학기","2","금10,11,12","그린에너지관(604)","이론","01","2025201225","3"
"MMCS400001","기초역학(4)","임경빈","기계소재융합시스템공학과","1학기","2","수10,11,12","기계관(512)","이론","01","2025201226","3"
"MMCS2109","선형시스템제어공학","김완진","기계소재융합시스템공학과","1학기","2","월10,11,12","그린에너지관(610)","이론","01","2025201227","3"
"MMCS3201","IoT 융합메카트로닉스","김건희","기계소재융합시스템공학과","1학기","3","수10,11,12","그린에너지관(604)","이론","01","2025201234","3"
"MMCS3104","생산자동화시스템","이호철","기계소재융합시스템공학과","1학기","3","화10,11,12","기계관(512)","이론","01","2025201232","3"
"MMCS3105","센서 및 계측공학","손진승","기계소재융합시스템공학과","1학기","3","목10,11,12","그린에너지관(415)","이론","01","2025201230","3"
"MMCS3203","정밀유공압제어","김완진","기계소재융합시스템공학과","1학기","3","목13,14,15","그린에너지관(604)","이론","01","2025201233","3"
"MMCS3204","초정밀CAM가공","박영덕","기계소재융합시스템공학과","1학기","3","금10,11,12","대덕산학융합캠퍼스(415)","이론","01","2025201235","3"
"MMCS100003","현장과제","유봉조","기계소재융합시스템공학과","1학기","3","월10,11,12,13","기계관(512)","실습","01","2025201231","2"
"DSMJ300117","현장실습1","","기계소재융합시스템공학과","1학기","3","","","이론","01","2025202366","5"
"MMCS200001","광학응용 기계시스템","김완진","기계소재융합시스템공학과","1학기","4","목10,11,12","그린에너지관(604)","이론","01","2025201237","3"
"MMCS4203","마이크로나노제조공학","손진승","기계소재융합시스템공학과","1학기","4","목13,14,15","그린에너지관(415)","이론","01","2025201236","3"
"MMCS300002","우주산업 및 광기술","김건희","기계소재융합시스템공학과","1학기","4","금13,14,15","그린에너지관(604)","이론","01","2025201238","3"
"MMCS4208","융합캡스턴디자인(2)","박영덕","기계소재융합시스템공학과","1학기","4","수10,11,12,13,14,15","그린에너지관(413)","실습","01","2025201239","3"
"PMEN200013","Python 프로그래밍","박형준","스마트시스템경영공학과","1학기","3","화13,14,금10,11","산업정보관(116),산업정보관(116)","이론실습","01","2025200238","3"
"PMEN200014","기업분석론","곽기호","스마트시스템경영공학과","1학기","3","화10,11,12","산업정보관(201)","이론","01","2025200235","3"
"PMEN2008","제조공학개론","신문수","스마트시스템경영공학과","1학기","3","월10,11,12","산업정보관(205)","이론","01","2025200233","3"
"PMEN200015","통계분석실무","염재선","스마트시스템경영공학과","1학기","3","수10,11,12,13","산업정보관(116)","이론실습","01","2025200234","3"
"PMEN4009","품질경영실무","백수정","스마트시스템경영공학과","1학기","3","목10,11,12,13","산업정보관(205)","이론실습","01","2025200237","3"
"PMEN200016","휴먼시스템","류태범","스마트시스템경영공학과","1학기","3","월13,14,수14","산업정보관(205),산업정보관(205)","이론","01","2025200236","3"
"PMEN3001","S-OJT실무","박수용","스마트시스템경영공학과","1학기","4","수10,11,12,13","산업정보관(101)","이론실습","01","2025200242","3"
"PMEN2011","경제성공학","김태구","스마트시스템경영공학과","1학기","4","화10,11,12","산업정보관(204)","이론","01","2025200240","3"
"PMEN3005","빅데이터개론","김기태","스마트시스템경영공학과","1학기","4","목10,11,12","산업정보관(204)","이론","01","2025200243","3"
"PMEN4006","시스템시뮬레이션","김광제","스마트시스템경영공학과","1학기","4","화13,14,목13,14","산업정보관(101),산업정보관(116)","이론실습","01","2025200241","3"
"PMEN4011","시스템안전공학실무","배성민","스마트시스템경영공학과","1학기","4","월10,11,12,13","산업정보관(204)","이론실습","01","2025200239","3"
"EENG110002","논리회로설계","김민아","전기공학과","1학기","1","월1,2,3","전기전자관(009)","이론","01","2025200762","3"
"EENG110003","전기공학개론","김현중","전기공학과","1학기","1","목1,2,3","전기전자관(001)","이론","01","2025200763","3"
"EENG2104","마이크로프로세서","정찬호","전기공학과","1학기","2","수2,3,4,5","전기전자관(202)","이론실습","01","2025200769","3"
"EENG2105","신호및시스템","강현일","전기공학과","1학기","2","수6,7,8","전기전자관(103)","이론","02","2025200772","3"
"EENG2108","전기자기학(2)","김기찬","전기공학과","1학기","2","월1,2,3","전기전자관(001)","이론","01","2025200767","3"
"EENG2109","전기전자회로실험","유승철","전기공학과","1학기","2","금1,2,3,4","전기전자관(307)","실습","01","2025200775","2"
"EENG2110","전자회로","김윤현","전기공학과","1학기","2","월6,7,8","전기전자관(103)","이론","01","2025200773","3"
"EENG2112","회로이론(2)","강영환","전기공학과","1학기","2","목1,2,3","전기전자관(002)","이론","01","2025200765","3"
"EENG3201","반도체공학","최원석","전기공학과","1학기","3","월1,2,3","전기전자관(002)","이론","01","2025200823","3"
"EENG3203","송배전공학","김현중","전기공학과","1학기","3","수1,2,3","전기전자관(002)","이론","01","2025200783","3"
"EENG3208","전기기기(2)","이중호","전기공학과","1학기","3","월1,2,3","전기전자관(003)","이론","01","2025200779","3"
"EENG3209","전력변환응용","김민아","전기공학과","1학기","3","수1,2,3","전기전자관(001)","이론","01","2025200785","3"
"EENG3210","전력전자및응용실험","권정민","전기공학과","1학기","3","화2,3,4,5","전기전자관(202)","실습","01","2025200826","2"
"EENG3211","제어시스템설계","소상균","전기공학과","1학기","3","목6,7,8","전기전자관(001)","이론","01","2025200781","3"
"EENG4205","공학프로그래밍실험","김은성","전기공학과","1학기","4","수10,11,12,13","자동화관(204)","실습","01","2025200831","2"
"EENG4211","전기공학특론(2)","박근석","전기공학과","1학기","4","금1,2,3","전기전자관(001)","이론","01","2025200829","3"
"EENG4201","전기차량시스템","김기찬","전기공학과","1학기","4","목1,2,3","전기전자관(008)","이론","01","2025200830","3"
"COME1101","C/C++프로그래밍","우성필","컴퓨터공학과","1학기","1","월1,2,3,4","산업정보관(601)","이론실습","01","2025200922","3"
"COME110004","기초프로그래밍(융합자율대학)","장한얼,최창범,장수영","컴퓨터공학과","1학기","1","수1,2,3,4","산업정보관(603)","이론실습","01","2025200926","3"
"COME1102","디지털회로 및 실험","장수영","컴퓨터공학과","1학기","1","목6,7,8,9","산업정보관(DH101)","이론실습","01","2025200924","3"
"COME1103","이산수학","장수영","컴퓨터공학과","1학기","1","목2,3,4","산업정보관(DH101)","이론","01","2025200921","3"
"COME110005","컴퓨터융합개론(융합자율대학)","장한얼,김태훈,이정","컴퓨터공학과","1학기","1","수6,7,8,9","산업정보관(603)","이론실습","01","2025200925","3"
"COME210015","게임물리와 상호작용","이정","컴퓨터공학과","1학기","2","화1,2,3,4","자동화관(408)","이론실습","01","2025200937","3"
"COME3105","시스템프로그래밍","최창범","컴퓨터공학과","1학기","2","목1,2,3,4","산업정보관(601)","이론실습","01","2025200930","3"
"COME2106","알고리즘","김태훈","컴퓨터공학과","1학기","2","목1,2,3,4","산업정보관(603)","이론실습","01","2025200928","3"
"COME210014","오픈소스SW프로그래밍","박천음","컴퓨터공학과","1학기","2","월1,2,3,4","산업정보관(616)","이론실습","01","2025200935","3"
"COME3201","네트워크프로그래밍","황경호","컴퓨터공학과","1학기","3","금1,2,3,4","자동화관(408)","이론실습","01","2025200946","3"
"COME3202","데이터베이스프로그래밍","김영찬","컴퓨터공학과","1학기","3","수1,2,3,4","자동화관(408)","이론실습","01","2025200944","3"
"COME320006","사물인터넷","우성필","컴퓨터공학과","1학기","3","금1,2,3,4","산업정보관(601)","이론실습","01","2025200950","3"
"COME2201","소프트웨어설계","최창범","컴퓨터공학과","1학기","3","월6,7,8,9","경상학관(303)","이론실습","01","2025200942","3"
"COME3204","정보보호","이상금","컴퓨터공학과","1학기","3","목2,3,4","산업정보관(616)","이론","01","2025200940","3"
"COME4210","컴퓨터비젼","장한얼","컴퓨터공학과","1학기","3","화1,2,3,4","산업정보관(601)","이론실습","01","2025200948","3"
"COME4212","강화학습","장수영","컴퓨터공학과","1학기","4","화1,2,3,4","산업정보관(603)","이론실습","01","2025201245","3"
"COME4203","빅데이터분석","이상금","컴퓨터공학과","1학기","4","금1,2,3,4","산업정보관(603)","이론실습","01","2025201241","3"
"COME4215","인간과 컴퓨터 상호작용","이정","컴퓨터공학과","1학기","4","목6,7,8","산업정보관(615)","이론","01","2025201242","3"
"COME4206","임베디드시스템응용","이현빈","컴퓨터공학과","1학기","4","화6,7,8,9","산업정보관(418)","이론실습","01","2025201244","3"
"COME4207","자연어처리","박천음","컴퓨터공학과","1학기","4","목1,2,3,4","산업정보관(615)","이론실습","01","2025201243","3"
"COME4211","캡스톤디자인II","김영찬,박천음","컴퓨터공학과","1학기","4","월3,4,토1,2,3,4","자동화관(407),자동화관(407)","실습","01","2025201255","3"
"INFO2104","고급C프로그래밍","에런스노버거","정보통신공학과","1학기","1","화6,7,8,9","산업정보관(420)","이론실습","01","2025200405","3"
"INFO1105","기초공학수학","이연승","정보통신공학과","1학기","1","월6,7,8","자동화관(401)","이론","01","2025200406","3"
"INFO1103","논리회로","유광기","정보통신공학과","1학기","1","화1,2,3,4","산업정보관(302)","이론실습","01","2025200407","3"
"INFO3102","JAVA프로그래밍","이충호","정보통신공학과","1학기","2","수1,2,3,4","산업정보관(420)","이론실습","01","2025200411","3"
"INFO3105","데이터통신","김은기","정보통신공학과","1학기","2","수6,7,8","자동화관(401)","이론","01","2025200412","3"
"INFO2120","오픈소스프로그래밍","허진우","정보통신공학과","1학기","2","금6,7,8,9","산업정보관(420)","이론실습","01","2025200415","3"
"INFO2114","컴퓨터구조","유광기","정보통신공학과","1학기","2","목2,3,4","산업정보관(302)","이론","01","2025200416","3"
"INFO2117","회로이론","이현승","정보통신공학과","1학기","2","금2,3,4","자동화관(401)","이론","01","2025200417","3"
"INFO3210","딥러닝응용","이주경","정보통신공학과","1학기","3","월1,2,3,4","산업정보관(314)","이론실습","01","2025200418","3"
"INFO3203","안테나공학","표성민","정보통신공학과","1학기","3","월6,7,8","산업정보관(DH301)","이론","01","2025200421","3"
"INFO4227","암호화칩설계","안효근","정보통신공학과","1학기","3","목1,2,3,4","산업정보관(518)","이론실습","01","2025200422","3"
"INFO3205","전자회로 II","구회우","정보통신공학과","1학기","3","금6,7,8,9","산업정보관(316)","이론실습","01","2025200424","3"
"INFO4230","통신이론","노현호","정보통신공학과","1학기","3","목6,7,8","산업정보관(305)","이론","01","2025200426","3"
"INFO4223","빅데이터프로그래밍","이충호","정보통신공학과","1학기","4","화1,2,3,4","산업정보관(420)","이론실습","01","2025200440","3"
"INFO4224","스마트센서공학","지현배","정보통신공학과","1학기","4","금2,3,4","산업정보관(302)","이론","01","2025200441","3"
"INFO4226","암호프로그래밍","강정하","정보통신공학과","1학기","4","목2,3,4","산업정보관(316)","이론","01","2025200442","3"
"INFO4228","우주통신공학","이형권","정보통신공학과","1학기","4","금6,7,8","산업정보관(616)","이론","01","2025200444","3"
"INFO4219","캡스톤디자인Ⅱ","김은기,유광기","정보통신공학과","1학기","4","월1,2,토1,2,토3,4","산업정보관(302),산업정보관(302),산업정보관(302)","실습","01","2025200430","3"
"ELEC110001","전자공학개론","지영우","전자공학과","1학기","1","화6,7,8","자동화관(106)","이론","01","2025200102","3"
"ELEC2101","C++언어프로그래밍","이승호","전자공학과","1학기","2","수1,2,수3,4","전기전자관(409),전기전자관(405)","이론실습","01","2025200109","3"
"ELEC2201","MEMS기초","정연호","전자공학과","1학기","2","수6,7,8","자동화관(202)","이론","01","2025200129","3"
"ELEC2103","공업수학(2)","김광수","전자공학과","1학기","2","목6,7,8","자동화관(202)","이론","01","2025200114","3"
"ELEC2204","센서공학개론","구치완","전자공학과","1학기","2","금6,7,8","자동화관(106)","이론","01","2025200131","3"
"ELEC2205","시스템모델링및해석","이성현","전자공학과","1학기","2","목2,3,4","전기전자관(509)","이론","01","2025200132","3"
"ELEC2105","전자기학(2)","정영배","전자공학과","1학기","2","월2,3,4","전기전자관(401)","이론","01","2025200119","3"
"ELEC2206","정보통신개론","강병무","전자공학과","1학기","2","목2,3,4","전기전자관(501)","이론","01","2025200133","3"
"ELEC2207","확률 및 랜덤변수","노고산","전자공학과","1학기","2","화2,3,4","전기전자관(401)","이론","01","2025200134","3"
"ELEC3201","VLSI설계","장의기","전자공학과","1학기","3","금2,3,4","전기전자관(409)","이론","01","2025200156","3"
"ELEC3202","디스플레이광학","최윤석","전자공학과","1학기","3","수2,3,4","전기전자관(509)","이론","01","2025200157","3"
"ELEC3205","로봇공학","도태용","전자공학과","1학기","3","금2,3,4","자동화관(202)","이론","01","2025200159","3"
"ELEC3206","모바일로봇및실습","김광수","전자공학과","1학기","3","화6,7,화8,9","자동화관(207),자동화관(202)","이론실습","01","2025200160","3"
"ELEC320015","반도체 소자","전승배","전자공학과","1학기","3","화6,7,8","전기전자관(301)","이론","01","2025200161","3"
"ELEC3210","전력전자응용","허대호","전자공학과","1학기","3","목6,7,8","자동화관(106)","이론","01","2025200162","3"
"ELEC3106","전자회로(2)","류근관","전자공학과","1학기","3","수6,7,8","전기전자관(401)","이론","01","2025200141","3"
"ELEC3213","전자회로실험","김정태","전자공학과","1학기","3","목6,7,목8,9","전기전자관(509),전기전자관(303)","이론실습","01","2025200163","3"
"ELEC3108","제어공학(2)","도태용","전자공학과","1학기","3","월6,7,8","자동화관(202)","이론","01","2025200146","3"
"ELEC310010","통신시스템(2)","김찬규","전자공학과","1학기","3","금6,7,8","전기전자관(301)","이론","01","2025200151","3"
"ELEC4202","머신러닝개론","곽수영","전자공학과","1학기","4","화2,3,4","자동화관(103)","이론","01","2025200165","3"
"ELEC4210","전력변환시스템 및 응용","한정규","전자공학과","1학기","4","목6,7,8","자동화관(103)","이론","01","2025200168","3"
"ELEC4212","지능로봇","박재순","전자공학과","1학기","4","금2,3,4","자동화관(308)","이론","01","2025200169","3"
"MOBL1101","AI수학","박종권","모바일융합공학과","1학기","1","화6,7,8","산업정보관(303)","이론","01","2025200445","3"
"MOBL1102","IoT기초실습","박종권","모바일융합공학과","1학기","1","수6,7,8,9","산업정보관(303)","이론실습","01","2025200446","3"
"MOBL110004","모바일AI입문","이동호,문지환","모바일융합공학과","1학기","1","월6,월7.5","산업정보관(316),산업정보관(316)","이론","01","2025200447","3"
"MOBL1103","임베디드프로그래밍","이동호","모바일융합공학과","1학기","1","수1,2,3,4","산업정보관(316)","이론실습","01","2025200448","3"
"MOBL2102","IoT프로토콜","이창석","모바일융합공학과","1학기","2","월6,7,8,9","자동화관(506)","이론실습","01","2025200449","3"
"MOBL2107","디지털신호처리","문지환","모바일융합공학과","1학기","2","수6,7,8","산업정보관(302)","이론","01","2025200452","3"
"MOBL2110","전자기장시뮬레이션","박종권","모바일융합공학과","1학기","2","목6,7,8","산업정보관(303)","이론","01","2025200453","3"
"MOBL2111","확률및통계","정혁구","모바일융합공학과","1학기","2","화2,3,4","산업정보관(305)","이론","01","2025200454","3"
"MOBL3103","데이터베이스Ⅰ","박현주","모바일융합공학과","1학기","3","수6,7,8,9","자동화관(506)","이론실습","01","2025200455","3"
"MOBL3201","디지털통신Ⅱ","정혁구","모바일융합공학과","1학기","3","수2,3,4","산업정보관(518)","이론","01","2025200456","3"
"MOBL3202","머신러닝Ⅱ","문지환","모바일융합공학과","1학기","3","화6,7,8,9","산업정보관(316)","이론실습","01","2025200457","3"
"MOBL3205","웹프로그래밍","이창석","모바일융합공학과","1학기","3","화1,2,3,4","자동화관(506)","이론실습","01","2025200459","3"
"MOBL3206","전자회로및시뮬레이션Ⅱ","이동호","모바일융합공학과","1학기","3","목6,7,8,9","자동화관(506)","이론실습","01","2025200460","3"
"MOBL4203","딥러닝응용설계","문지환","모바일융합공학과","1학기","4","화1,2,3,4","산업정보관(418)","이론실습","01","2025200462","3"
"MOBL4204","모바일웹프로그래밍","정혁구","모바일융합공학과","1학기","4","월6,7,8,9","자동화관(301)","이론실습","01","2025200463","3"
"AISW1101","C언어프로그래밍","김영동","인공지능소프트웨어학과","1학기","1","화6,7,8,9","세종(임대형)캠퍼스(219)","이론실습","01","2025201166","3"
"AISW110007","Python응용","현장훈","인공지능소프트웨어학과","1학기","1","금6,7,8,9","세종(임대형)캠퍼스(219)","이론실습","01","2025201163","3"
"AISW110008","소프트웨어개론","김은경","인공지능소프트웨어학과","1학기","1","수6,7,8","세종(임대형)캠퍼스(218)","이론","01","2025201169","3"
"AISW110006","인공지능과 이산수학","이성민","인공지능소프트웨어학과","1학기","1","금2,3,4","세종(임대형)캠퍼스(218)","이론","01","2025201175","3"
"AISW210015","고급데이터마이닝","전윤호","인공지능소프트웨어학과","1학기","2","화6,7,8,9","세종(임대형)캠퍼스(216)","이론실습","01","2025201167","3"
"AISW2106","디지털신호응용","정의림","인공지능소프트웨어학과","1학기","2","월5,수2,3","세종(임대형)캠퍼스(217),세종(임대형)캠퍼스(217)","이론","01","2025201160","3"
"AISW2108","알고리즘기초","김은경","인공지능소프트웨어학과","1학기","2","월6,7,8,9","세종(임대형)캠퍼스(218)","이론실습","01","2025201164","3"
"AISW210014","프로그래밍언어개념과응용","이성민","인공지능소프트웨어학과","1학기","2","목6,7,8,9","세종(임대형)캠퍼스(219)","이론실습","01","2025201171","3"
"AISW320013","고급컴퓨터비전","현장훈","인공지능소프트웨어학과","1학기","3","목6,7,8,9","세종(임대형)캠퍼스(216)","이론실습","01","2025201179","3"
"AISW320009","디지털통신","정의림","인공지능소프트웨어학과","1학기","3","수5,목2,3","세종(임대형)캠퍼스(317),세종(임대형)캠퍼스(317)","이론","01","2025201173","3"
"AISW3203","심층신경망","전윤호","인공지능소프트웨어학과","1학기","3","월6,7,8,9","세종(임대형)캠퍼스(319)","이론실습","01","2025201165","3"
"AISW310007","운영체제","이정","인공지능소프트웨어학과","1학기","3","수1,2,3,4","세종(임대형)캠퍼스(317)","이론실습","01","2025201172","3"
"AISW420009","3D딥러닝","이성민","인공지능소프트웨어학과","1학기","4","화6,7,8,9","세종(임대형)캠퍼스(319)","이론실습","01","2025201177","3"
"AISW420011","인공지능프로그래밍응용","김영동","인공지능소프트웨어학과","1학기","4","수6,7,8,9","세종(임대형)캠퍼스(319)","이론실습","01","2025201174","3"
"AISW4206","자연어처리개념과응용","박천음","인공지능소프트웨어학과","1학기","4","화1,2,3,4","세종(임대형)캠퍼스(319)","이론실습","01","2025201168","3"
"INME110006","기초프로그래밍","신경아","지능미디어공학과","1학기","1","목6,7,8","산업정보관(420)","이론","01","2025201264","3"
"INME110007","지능미디어공학개론","이시웅","지능미디어공학과","1학기","1","목2,3,4","자동화관(401)","이론","01","2025201263","3"
"INME2111","컴퓨터네트워크","이우섭","지능미디어공학과","1학기","2","월2,3,4","산업정보관(301)","이론","01","2025201269","3"
"INME1104","확률및랜덤프로세스","최미경","지능미디어공학과","1학기","2","수6,7,8","산업정보관(420)","이론","01","2025201265","3"
"INME3201","3D그래픽스프로그래밍","안은영","지능미디어공학과","1학기","3","목1,2,3,4","산업정보관(301)","이론실습","01","2025201274","3"
"INME3202","UNIX시스템프로그래밍","이아현","지능미디어공학과","1학기","3","화1,2,3,4","산업정보관(314)","이론실습","01","2025201276","3"
"INME3204","데이터베이스","안은영","지능미디어공학과","1학기","3","목6,7,8","산업정보관(302)","이론","01","2025201275","3"
"INME3205","디지털시스템설계","이시웅","지능미디어공학과","1학기","3","화6,7,8,9","산업정보관(615)","이론실습","01","2025201272","3"
"INME3206","딥러닝","최해철","지능미디어공학과","1학기","3","수6,7,8,9","산업정보관(301)","이론실습","01","2025201273","3"
"INME3207","컴퓨터비전프로그래밍","김진수","지능미디어공학과","1학기","3","월6,7,8,9","산업정보관(501)","이론실습","01","2025201271","3"
"INME4202","신기술특론","이아현","지능미디어공학과","1학기","4","목2,3,4","산업정보관(303)","이론","01","2025201280","3"
"INME4205","인간컴퓨터상호작용","이우섭","지능미디어공학과","1학기","4","화6,7,8","산업정보관(301)","이론","01","2025201279","3"
"INME4208","증강가상현실","이아현","지능미디어공학과","1학기","4","월6,7,8","산업정보관(302)","이론","01","2025201278","3"
"SCSE120001","C프로그래밍기초","정광현","반도체시스템공학과","1학기","1","월5,6,7,8","소재관및공동실험실습관(103)","이론실습","01","2025201087","3"
"SCSE120003","공학수학Ⅰ","최명진","반도체시스템공학과","1학기","1","수6,7,8","소재관및공동실험실습관(101)","이론","01","2025201090","3"
"SCSE120007","전자기학","정광현","반도체시스템공학과","1학기","1","목5,6,7","소재관및공동실험실습관(101)","이론","01","2025201089","3"
"SCSE220007","전자회로Ⅰ","정광현","반도체시스템공학과","1학기","2","수5,6,7,8","소재관및공동실험실습관(102)","이론실습","01","2025201092","3"
"SCSE220010","회로이론Ⅱ","정광현","반도체시스템공학과","1학기","2","화5,6,7,8","소재관및공동실험실습관(102)","이론실습","01","2025201091","3"
"POWR300008","경량소재공학","이성현","친환경동력시스템전공","1학기","3","","","이론","01","2025202331","3"
"POWR2009","친환경전력전자","이성현","친환경동력시스템전공","1학기","3","","","이론","01","2025202329","3"
"POWR400009","모빌리티 리빙랩 캡스톤디자인","이성현","친환경동력시스템전공","1학기","4","","","이론실습","01","2025202385","3"
"POWR2005","모빌리티 설계 및 생산","이성현","친환경동력시스템전공","1학기","4","","","이론","01","2025202330","3"
"POWR400005","모빌리티 캡스톤디자인 II","이성현","친환경동력시스템전공","1학기","4","","","실습","01","2025202332","3"
"VECO2005","생체데이터분석","이성현","지능형전장제어시스템전공","1학기","3","","","이론","01","2025202333","3"
"VECO3001","XR ML-AGENT","이성현","지능형전장제어시스템전공","1학기","4","","","이론","01","2025202335","3"
"VECO400006","미래모빌리티 친환경 구동시스템","이성현","지능형전장제어시스템전공","1학기","4","","","이론","01","2025202336","3"
"VECO3010","지능형정밀 농업기계공학","이성현","지능형전장제어시스템전공","1학기","4","","","이론","01","2025202334","3"
"ASEN400009","무선센서개론","정영배","첨단센서융합디바이스전공","1학기","4","","","이론","01","2025202340","3"
"ASEN3004","센서 시스템 설계","이성현","첨단센서융합디바이스전공","1학기","4","","","이론실습","01","2025202338","3"
"ASEN400006","인공지능 및 알고리즘","이성현","첨단센서융합디바이스전공","1학기","4","","","이론","01","2025202339","3"
"ASEN4002","첨단센서융합 캡스톤디자인2","곽수영","첨단센서융합디바이스전공","1학기","4","","","이론실습","01","2025202337","3"
"DISP2011","반도체장비 열유동해석","이성현","디스플레이-시스템반도체소부장전공","1학기","3","","","이론","01","2025202386","3"
"DISP3009","차세대 디스플레이 공학","이성현","디스플레이-시스템반도체소부장전공","1학기","4","","","이론","01","2025202341","3"
"AUMS300014","자율주행 데이터 처리","정의림","자율주행시스템전공","1학기","3","","","이론","01","2025202342","3"
"AUMS300017","차량동역학 및 제어","정의림","자율주행시스템전공","1학기","3","","","이론","01","2025202343","3"
"AUMS400017","스마트모빌리티시스템 설계","정의림","자율주행시스템전공","1학기","4","","","이론","01","2025202344","3"
"SHID4003","고급인터페이스공학","정의림","스마트휴먼인터페이스전공","1학기","4","","","이론","01","2025202345","3"
"NGCC4003","V2X 통신시스템설계","정의림","차세대통신융합전공","1학기","4","","","이론","01","2025202346","3"
"NGCC4006","모빌리티 RF시스템설계","정의림","차세대통신융합전공","1학기","4","","","이론","01","2025202347","3"
"MOSW4002","로보틱스","정의림","모빌리티SW/AI융합전공","1학기","4","","","이론실습","01","2025202348","3"
"MOSW400013","모빌리티 캡스톤디자인Ⅱ","정의림","모빌리티SW/AI융합전공","1학기","4","","","실습","01","2025202351","3"
"MOSW4005","모빌리티보안","정의림","모빌리티SW/AI융합전공","1학기","4","","","이론","01","2025202350","3"
"MOSW4009","자율주행플랫폼","정의림","모빌리티SW/AI융합전공","1학기","4","","","이론","01","2025202349","3"
"APSW210003","JAVA프로그래밍응용","김윤재","응용소프트웨어학과","1학기","2","수10,11,12,13","산업정보관(601)","이론실습","01","2025201642","3"
"APSW210006","소프트웨어공학","김시정","응용소프트웨어학과","1학기","2","목10,11,12","경상학관(303)","이론","01","2025201644","3"
"APSW320002","머신러닝응용","이돈오","응용소프트웨어학과","1학기","3","수10,11,12,13","산업정보관(603)","이론실습","01","2025201638","3"
"APSW320003","모바일프로그래밍응용","정성자","응용소프트웨어학과","1학기","3","화10,11,12,13","산업정보관(603)","이론실습","01","2025201639","3"
"APSW320005","웹서버구축","정성자","응용소프트웨어학과","1학기","3","목10,11,12,13","산업정보관(603)","이론실습","01","2025201641","3"
"ESYS1104","기술 마케팅론","손윤정","전기시스템공학과","1학기","1","수10,11,12","그린에너지관(608)","이론","01","2025201610","3"
"ESYS420021","스마트전기시스템","서준혁","전기시스템공학과","1학기","1","목10,11,12","전기전자관(202)","이론","01","2025201611","3"
"ESYS1106","전기공학입문","박영","전기시스템공학과","1학기","1","월13,14,15","그린에너지관(415)","이론","01","2025201612","3"
"ESYS110014","전기산업 이해","박지호","전기시스템공학과","1학기","1","월10,11,12","그린에너지관(604)","이론","01","2025201613","3"
"ESYS1108","창의적공학설계 프로젝트","하준철","전기시스템공학과","1학기","1","화10,11,12,13","전기전자관(002)","이론실습","01","2025201614","3"
"ESYS2116","디지털공학(전기)","김종희","전기시스템공학과","1학기","2","목10,11,12","전기전자관(001)","이론","01","2025201615","3"
"ESYS2103","전기시스템 재료과학","최균석","전기시스템공학과","1학기","2","화10,11,12","산학연협동관(415)","이론","01","2025201617","3"
"ESYS2104","전기시스템공학 문제해결","임종태","전기시스템공학과","1학기","2","월10,11,12","그린에너지관(509)","이론","01","2025201618","3"
"ESYS210019","진로설계 실무","이대동","전기시스템공학과","1학기","2","수13,14","전기전자관(003)","이론","01","2025201619","2"
"ESYS210021","컴퓨터구조 및 아키텍처","임종태","전기시스템공학과","1학기","2","월13,14,15","그린에너지관(509)","이론","01","2025201620","3"
"ESYS210022","프로그래밍 방법론 및 연습","김강민","전기시스템공학과","1학기","2","수10,11,12","전기전자관(105)","이론","01","2025201621","3"
"ESYS3203","3D프린팅 응용","윤석철","전기시스템공학과","1학기","3","수10,11,12,13","산학연협동관(106)","이론실습","01","2025201622","3"
"DSLA100288","광고조사방법론","","전기시스템공학과","1학기","3","","","이론","01","2025202382","3"
"DSLA100282","광고학입문","","전기시스템공학과","1학기","3","","","이론","01","2025202375","3"
"DSLA100284","디지털경제와소비자","","전기시스템공학과","1학기","3","","","이론","01","2025202377","3"
"ESYS4206","미래 철도공학","최태수","전기시스템공학과","1학기","3","월13,화10,11,12","그린에너지관(412),그린에너지관(415)","이론실습","01","2025201623","3"
"ESYS3206","센서공학(전기)","박영","전기시스템공학과","1학기","3","월10,11,12","그린에너지관(415)","이론","01","2025201624","3"
"ESYS3207","신재생에너지 실습(전기)","김은성","전기시스템공학과","1학기","3","금10,11,12,13","자동화관(106)","이론실습","01","2025201626","3"
"DSLA100287","인터넷활용","","전기시스템공학과","1학기","3","","","이론","01","2025202381","3"
"DSLA100281","초급일본어(1)","","전기시스템공학과","1학기","3","","","이론","01","2025202374","3"
"ESYS3213","컨버터공학(전기)","이대동","전기시스템공학과","1학기","3","목13,14,15","전기전자관(003)","이론","01","2025201627","3"
"ESYS3215","현장실무Ⅱ(전기)","장형식","전기시스템공학과","1학기","3","월14,화13,14,15","전기전자관(114),전기전자관(114)","실습","01","2025201628","2"
"DSLA100283","홍보학입문","","전기시스템공학과","1학기","3","","","이론","01","2025202376","3"
"DSLA100289","IT융합개론","","전기시스템공학과","1학기","4","","","이론","01","2025202379","3"
"DSLA100285","공학 윤리","","전기시스템공학과","1학기","4","","","이론","01","2025202380","3"
"DSLA100286","소방법규","","전기시스템공학과","1학기","4","","","이론","01","2025202378","3"
"ESYS4201","에너지변환공학","김종희","전기시스템공학과","1학기","4","화10,11,12","전기전자관(001)","이론","01","2025201629","3"
"ESYS4203","전기시스템 제품 개발론","하준철","전기시스템공학과","1학기","4","월10,11,12","그린에너지관(605)","이론","01","2025201630","3"
"ESYS4218","컴퓨터 구조 및 아키텍처(전기)","권석훈","전기시스템공학과","1학기","4","금10,11,12,13","전기전자관(105)","이론실습","01","2025201633","3"
"ITSY0223","응용소프트웨어구현","김형근","IT시스템공학과","1학기","4","목10,11,12,13","산업정보관(601)","이론실습","01","2025201636","3"
"PROJ1105","공학입문설계","이도연","건설환경공학과","1학기","1","월2,3,4,5","화학환경관(402)","이론실습","01","2025201181","3"
"CEEN1101","응용물리학","문영호","건설환경공학과","1학기","1","금2,3,4","건설공학관(208)","이론","01","2025200021","3"
"CEEN1102","응용화학","정상재,장덕수,이우람","건설환경공학과","1학기","1","화6,7,8","경상학관(101)","이론","01","2025201180","3"
"CEEN110003","토목공학개론","김도현","건설환경공학과","1학기","1","금1,2,3","건설공학관(209)","이론","01","2025201771","3"
"CEEN110004","환경공학개론","유병로","건설환경공학과","1학기","1","화6,7,8","화학환경관(406)","이론","01","2025202078","3"
"CEEN2101","건설IT개론 및 실습","전해민","건설환경공학과","1학기","2","목1,2,3","건설공학관(211)","이론실습","01","2025200051","2"
"CEEN2102","건설관리","박희성","건설환경공학과","1학기","2","월5,6,7","건설공학관(210)","이론","01","2025200055","3"
"CEEN2116","기초폐수처리공학","이우람","건설환경공학과","1학기","2","목2,3,4","화학환경관(406)","이론","02","2025201193","3"
"CEEN2107","수문학","이종석","건설환경공학과","1학기","2","금2,3,4","건설공학관(210)","이론","01","2025200048","3"
"CEEN210028","수질분석실험실습","장덕수","건설환경공학과","1학기","2","월2,3,4","화학환경관(302)","이론실습","02","2025201197","2"
"CEEN2108","수치해석및실습","이정호","건설환경공학과","1학기","2","화1,2,3","건설공학관(211)","이론실습","01","2025200024","2"
"CEEN210029","스마트 수질관리공학","김준오","건설환경공학과","1학기","2","수6,7,8","화학환경관(401)","이론","02","2025201190","3"
"CEEN2109","유체역학및실험","정태화","건설환경공학과","1학기","2","수5,6,7","건설공학관(208)","이론실습","01","2025200049","2"
"CEEN2112","토목재료및시험","이형준","건설환경공학과","1학기","2","화5,6,수9","건설공학관(206),건설공학관(206)","이론실습","01","2025200032","2"
"CEEN2113","토목전산프로그래밍","최병호","건설환경공학과","1학기","2","화7,8","건설공학관(205)","이론","01","2025200027","2"
"CEEN2114","토질역학및시험","김도현","건설환경공학과","1학기","2","월1,2,3,4","건설공학관(211)","이론실습","01","2025200045","3"
"CEEN3117","폐기물처리공학","이도연","건설환경공학과","1학기","2","월6,7,8","전기전자관(114)","이론","02","2025201199","3"
"CEEN2122","환경기기분석및실습","주진철","건설환경공학과","1학기","2","화2,3,4","화학환경관(403)","이론실습","02","2025201186","2"
"CEEN2126","환경유체역학","신미수","건설환경공학과","1학기","2","목6,7,8","화학환경관(402)","이론","02","2025201188","3"
"CEEN3301","강구조및합성구조설계","최병호","건설환경공학과","1학기","3","화3,수5,6,7","건설공학관(210),건설공학관(210)","이론실습","01","2025200073","3"
"CEEN310019","고도상수처리공학 및 설계","장덕수","건설환경공학과","1학기","3","목2,3,4,5","화학환경관(302)","이론실습","02","2025201200","3"
"CEEN3305","대기오염방지시스템설계","엄태인","건설환경공학과","1학기","3","월1,2,3","화학환경관(401)","이론실습","02","2025201210","2"
"CEEN3302","도로공학","박희성","건설환경공학과","1학기","3","화5,6,7","건설공학관(210)","이론","01","2025200092","3"
"CEEN310021","물환경시스템관리 및 데이터 분석","김준오","건설환경공학과","1학기","3","금6,7,8","화학환경관(402)","이론","02","2025201205","3"
"CEEN3303","상하수도관망설계","이정호","건설환경공학과","1학기","3","월2,3,수2,3","건설공학관(206),건설공학관(206)","이론실습","01","2025200078","3"
"CEEN3104","수공설계","김병찬","건설환경공학과","1학기","3","금6,7,8","건설공학관(211)","이론실습","01","2025200081","2"
"CEEN310022","온실가스관리공학","정상재","건설환경공학과","1학기","3","화2,3,4","화학환경관(402)","이론","02","2025201207","3"
"CEEN3109","철근콘크리트구조설계","이형준","건설환경공학과","1학기","3","월8,9,화8,9","건설공학관(210),건설공학관(210)","이론실습","01","2025200076","3"
"CEEN310023","토양지하수오염 복원 및 위해성 평가","주진철","건설환경공학과","1학기","3","수6,7,8","전기전자관(114)","이론","02","2025201209","3"
"CEEN330009","폐수관리 및 슬러지 처리공학","이우람","건설환경공학과","1학기","3","수2,3,4","화학환경관(401)","이론","02","2025201212","3"
"CEEN330011","해안공학설계","정태화","건설환경공학과","1학기","3","월5,6,7,수8","건설공학관(211),건설공학관(211)","이론실습","01","2025200083","3"
"CEEN4306","ICT기반 물환경관리","배용현","건설환경공학과","1학기","4","목2,3,4,5","화학환경관(402)","이론실습","02","2025201214","3"
"CEEN4307","유해가스처리공학","정상재","건설환경공학과","1학기","4","월2,3,4","전기전자관(114)","이론","02","2025201215","3"
"CEEN4303","응용측량학","전해민","건설환경공학과","1학기","4","목6,7,8","건설공학관(211)","이론","01","2025200101","3"
"CEEN4304","전산구조해석 및 실습","손호영","건설환경공학과","1학기","4","월5,6,7,8","건설공학관(206)","이론실습","01","2025200100","3"
"PROJ4305","캡스톤디자인2(토목)","이형준,최병호","건설환경공학과","1학기","4","금6,7,금8,9","건설공학관(205),건설공학관(205)","이론실습","01","2025200097","3"
"PROJ4306","캡스톤디자인2(환경)","엄태인","건설환경공학과","1학기","4","수1,2,3,4","화학환경관(403)","이론실습","04","2025201216","3"
"CEEN4106","토양폐기물분석실험","이도연","건설환경공학과","1학기","4","금6,7,8,9","화학환경관(302)","이론실습","02","2025201213","3"
"URBE1101","공간정보공학","최영락","도시공학과","1학기","1","월6,7,8,9","건설공학관(507)","이론실습","11","2025200018","3"
"URBE110008","교통을말하다","도명식","도시공학과","1학기","1","화6,7,8","건설공학관(505)","이론","11","2025200026","3"
"URBE1103","도시계획론","이상호","도시공학과","1학기","1","수6,7,8","건설공학관(507)","이론","11","2025200019","3"
"URBE110006","도시설계의이해","양승호","도시공학과","1학기","1","화1,2,3","건설공학관(507)","이론","11","2025200020","3"
"URBE110010","도시통계학","성찬용","도시공학과","1학기","1","수1,2,3","건설공학관(504)","이론","11","2025200025","3"
"URBE2104","교통안전","변완희","도시공학과","1학기","2","목6,7,8,9","건설공학관(505)","이론실습","11","2025200060","3"
"URBE210016","교통프로그래밍","김세헌","도시공학과","1학기","2","월6,7,8,9","건설공학관(504)","이론실습","11","2025200056","3"
"URBE2106","단지설계","김영수","도시공학과","1학기","2","금1,2,3,4","건설공학관(504)","이론실습","11","2025200062","3"
"URBE2108","도시주거학","이창효","도시공학과","1학기","2","월1,2,3","건설공학관(507)","이론","11","2025200061","3"
"URBE210020","스마트도시계획","조성수","도시공학과","1학기","2","수1,2,3,4","건설공학관(507)","이론실습","11","2025200058","3"
"URBE320004","교통운영시스템","김세헌","도시공학과","1학기","3","화6,7,8,9","건설공학관(507)","이론실습","11","2025200072","3"
"URBE3103","국토및지역계획","백효진","도시공학과","1학기","3","목1,2,3,4","건설공학관(507)","이론실습","11","2025200080","3"
"URBE3202","도시모델링","윤정중","도시공학과","1학기","3","금6,7,8,9","건설공학관(507)","이론실습","11","2025200077","3"
"URBE320005","도시지리학","이창효","도시공학과","1학기","3","수1,2,3","건설공학관(505)","이론","11","2025200084","3"
"URBE3106","종합설계(도시설계)","양승호","도시공학과","1학기","3","월6,7,8,9","건설공학관(505)","이론실습","11","2025200074","3"
"URBE3108","환경계획론","성찬용","도시공학과","1학기","3","화1,2,3","건설공학관(505)","이론","11","2025200082","3"
"URBE4201","도시방재시스템","조성수","도시공학과","1학기","4","월1,2,3,4","건설공학관(504)","이론실습","11","2025200088","3"
"URBE4204","도시정보론","안영웅","도시공학과","1학기","4","수6,7,8","건설공학관(505)","이론","11","2025200086","3"
"URBE4205","주거재생및정책","이창효","도시공학과","1학기","4","목6,7,8,9","건설공학관(507)","이론실습","11","2025200091","3"
"PROJ110014","창의공학설계 및 구조","김승훈","건축공학과","1학기","1","월1,2,3,4","건설공학관(305)","이론실습","01","2025200667","3"
"ARCE2201","CAD","손명희","건축공학과","1학기","2","목6,7,8","건설공학관(301)","이론실습","01","2025200603","2"
"ARCE2102","건축계획(Ⅱ)","진경일","건축공학과","1학기","2","수6,7","건설공학관(306)","이론","01","2025200596","2"
"ARCE2104","건축공학설계(Ⅰ)","이형우","건축공학과","1학기","2","목2,3,4","건설공학관(305)","이론실습","01","2025200598","2"
"ARCE2105","건축재료성능설계","이상수","건축공학과","1학기","2","월1,2,3,4","건설공학관(306)","이론실습","01","2025200599","3"
"ARCE2108","건축환경(Ⅱ)","윤종호","건축공학과","1학기","2","월6,7,8","건설공학관(306)","이론","01","2025200600","3"
"ARCE2111","구조역학응용","이용택","건축공학과","1학기","2","화2,3,4","건설공학관(307)","이론","01","2025200602","3"
"ARCE3102","건설사업관리","이동훈","건축공학과","1학기","3","월6,7,8","건설공학관(307)","이론","01","2025200606","3"
"ARCE3203","건축구조시스템","박해용","건축공학과","1학기","3","화1,2,3,4","건설공학관(303)","이론실습","01","2025200607","3"
"ARCE3205","건축법(Ⅱ)","김이태","건축공학과","1학기","3","목8,9","건설공학관(307)","이론","01","2025200608","2"
"ARCE3206","건축설비시스템설계","김동수","건축공학과","1학기","3","목2,3","건설공학관(307)","이론","02","2025200678","2"
"ARCE3207","건축시공학(Ⅱ)","김성진","건축공학과","1학기","3","수6,7,8,9","건설공학관(308)","이론실습","01","2025200611","3"
"ARCE3208","건축재료실험","이상수","건축공학과","1학기","3","화6,7,8","건설공학관(105)","이론실습","01","2025200613","2"
"ARCE3209","건축환경실험","김동수","건축공학과","1학기","3","화6,7,8","건설공학관(303)","이론실습","01","2025200615","2"
"PROJ3203","캡스톤디자인(Ⅰ)","윤종호","건축공학과","1학기","3","수1,2,3,4","건설공학관(314)","이론실습","01","2025200618","3"
"ARCE4204","건설안전관리","정경태","건축공학과","1학기","4","월2,3,4","건설공학관(308)","이론","01","2025200649","3"
"ARCE4213","건축구조설계실무","박해용","건축공학과","1학기","4","월6,7,8,9","건설공학관(303)","이론실습","01","2025200651","3"
"ARCE4214","건축물 진단 및 유지관리","이용택","건축공학과","1학기","4","수1,2,3","건설공학관(308)","이론실습","01","2025200653","2"
"ARCE4215","생태건축응용","이루다","건축공학과","1학기","4","수6,7,8,9","건설공학관(303)","이론실습","01","2025200654","3"
"ARCE4210","캡스톤디자인(Ⅲ)","윤종호","건축공학과","1학기","4","화1,2,3","건설공학관(314)","이론실습","01","2025200638","2"
"ARCE4211","현대건축","진경일","건축공학과","1학기","4","화6,7","건설공학관(306)","이론","01","2025200655","2"
"ARCH1103","건축설계2(기초)","박수훈","건축학과(5년제)","1학기","1","월5,6,7,목6,7,8,9","건설공학관(412),건설공학관(412)","이론실습","01","2025200085","4"
"ARCH2101","건축과사회","송복섭","건축학과(5년제)","1학기","2","수2,3,4","건설공학관(406)","이론","01","2025200359","3"
"ARCH2103","건축설계4(기본)","박상현","건축학과(5년제)","1학기","2","월5,6,7,8,9,목6,7,8,9","건설공학관(604),건설공학관(604)","이론실습","01","2025200360","5"
"ARCH2106","건축환경","박수훈","건축학과(5년제)","1학기","2","화6,7,8","건설공학관(413)","이론","01","2025200362","3"
"ARCH2109","서양건축사","김호영","건축학과(5년제)","1학기","2","화2,3,4","건설공학관(413)","이론","01","2025200363","3"
"ARCH3112","건축계획연구","박상현","건축학과(5년제)","1학기","3","수2,3","건설공학관(405)","이론","01","2025200368","2"
"ARCH3103","건축설계6(심화)","장재우,박귀동","건축학과(5년제)","1학기","3","월5,6,7,8,9,목6,7,8,9","건설공학관(603),건설공학관(603)","이론실습","01","2025200370","5"
"ARCH3104","건축재료","장재우","건축학과(5년제)","1학기","3","화2,3,4","건설공학관(406)","이론","01","2025200376","3"
"ARCH3110","한국건축사","박수훈","건축학과(5년제)","1학기","3","수7,8,9","건설공학관(413)","이론","01","2025200379","3"
"ARCH4202","건축법규","윤창식","건축학과(5년제)","1학기","4","금5,6,7","건설공학관(406)","이론","01","2025200381","3"
"ARCH4204","건축설계8(통합)","송복섭,최정도","건축학과(5년제)","1학기","4","월5,6,7,8,9,목6,7,8,9","건설공학관(601),건설공학관(601)","이론실습","01","2025200382","5"
"ARCH4208","건축실무도서","박정수","건축학과(5년제)","1학기","4","화5,6","건설공학관(406)","이론","01","2025200385","2"
"ARCH4209","건축이론과비평","박정수","건축학과(5년제)","1학기","4","화7,8,9","건설공학관(406)","이론","01","2025200386","3"
"ARCH4211","실내디자인","류선용","건축학과(5년제)","1학기","4","월2,3","건설공학관(406)","이론","01","2025201646","2"
"ARCH4216","환경친화건축","박수훈","건축학과(5년제)","1학기","4","수2,3,4","건설공학관(413)","이론","01","2025200388","3"
"ARCH5202","건축경영과실무","김덕수","건축학과(5년제)","1학기","5","화2,3,4","건설공학관(405)","이론","01","2025200389","3"
"ARCH5209","캡스톤디자인2(실무설계)","김덕수,김원기","건축학과(5년제)","1학기","5","월5,6,7,8,9,목6,7,8,9","건설공학관(402),건설공학관(402)","이론실습","01","2025200390","5"
"KWAT1101","기초상하수도공학","인영범","통합물관리학과","1학기","1","금1,2,3","산학연협동관(416)","이론","01","2025202121","3"
"KWAT1003","비즈니스영어","김연만","통합물관리학과","1학기","1","수10,11,12","산학연협동관(416)","이론","01","2025202128","3"
"KWAT1005","일반화학","정상재","통합물관리학과","1학기","1","금7,8,9","산학연협동관(416)","이론","01","2025202123","3"
"KWAT1203","현장과제Ⅰ","석관수","통합물관리학과","1학기","1","","","실습","01","2025202127","3"
"KWAT3202","수도설비유지관리","이갑수","통합물관리학과","1학기","3","월4,5,6","산학연협동관(416)","이론","01","2025202125","3"
"KWAT3204","수질오염분석","주진철","통합물관리학과","1학기","3","월7,8,9,10","화학환경관(302-1)","이론실습","01","2025202126","3"
"KWAT3208","전기기기","강동형","통합물관리학과","1학기","3","월1,2,3","산학연협동관(416)","이론","01","2025202124","3"
"KWAT3209","전기설비관리실무","최기선","통합물관리학과","1학기","3","","","실습","01","2025202131","3"
"KWAT4101","확률과 통계","주진철","통합물관리학과","1학기","4","화10,11,12","산학연협동관(416)","이론","01","2025202146","3"
"INDE1101","공간디자인론","김소연","산업디자인학과","1학기","1","화11,12","디자인관(303)","이론","01","2025201309","2"
"INDE1103","디자인입문2","김승민","산업디자인학과","1학기","1","화6,7,8,9","디자인관(303)","이론실습","01","2025201303","3"
"INDE1105","산업디자인론","신창범","산업디자인학과","1학기","1","수10,11","디자인관(303)","이론","01","2025201310","2"
"INDE1107","색채디자인2","남민정","산업디자인학과","1학기","1","월6,7","디자인관(303)","이론","01","2025201311","2"
"INDE1109","입체디자인2","김장석","산업디자인학과","1학기","1","수1,2,3,4","디자인관(303)","이론실습","01","2025201305","3"
"INDE1112","평면디자인2","안세윤,김소연","산업디자인학과","1학기","1","화2,3,화4,5","디자인관(308),디자인관(308)","이론실습","01","2025201307","3"
"INDE210021","AI 기초디자인 2","김도엽","산업디자인학과","1학기","2","월11,12,13,14","디자인관(304)","이론실습","01","2025201322","3"
"INDE2109","CAD2","임정화","산업디자인학과","1학기","2","목6,7,8,9","디자인관(308)","이론실습","01","2025201317","3"
"INDE2111","공간디자인 기초2","박진호","산업디자인학과","1학기","2","화6,7,8,9","디자인관(304)","이론실습","01","2025201323","3"
"INDE2104","디자인재료학","김도엽","산업디자인학과","1학기","2","목4,5","디자인관(304)","이론","01","2025201314","2"
"INDE2115","산업디자인 기초2","조은환","산업디자인학과","1학기","2","금1,2,3,4","디자인관(304)","이론실습","01","2025201319","3"
"INDE2106","스케치렌더링Ⅱ","석상원","산업디자인학과","1학기","2","금6,7,8,9","디자인관(304)","이론실습","01","2025201315","3"
"INDE2116","인터페이스 디자인","김승민","산업디자인학과","1학기","2","수1,2,3,4","디자인관(308)","이론실습","01","2025201320","3"
"INDE2117","전시디자인 스튜디오","박진호","산업디자인학과","1학기","2","화2,3,4,5","디자인관(304)","이론실습","01","2025201318","3"
"INDE2119","컴퓨터그래픽스 기초2","강현준","산업디자인학과","1학기","2","목6,7,8,9","소재관및공동실험실습관(302)","이론실습","01","2025201321","3"
"INDE2107","프리젠테이션기법","신창범","산업디자인학과","1학기","2","수7,8,9","디자인관(304)","이론실습","01","2025201316","2"
"INDE310009","3D 이미지표현","김도엽","산업디자인학과","1학기","3","화11,12,13,14","디자인관(308)","이론실습","01","2025201333","3"
"INDE310011","AI 심화디자인 2","김도엽","산업디자인학과","1학기","3","수11,12,13,14","디자인관(405)","이론실습","01","2025201334","3"
"INDE3302","UX디자인 스튜디오2","김승민","산업디자인학과","1학기","3","목1,2,3,4","디자인관(405)","이론실습","01","2025201327","3"
"INDE3303","UX프로토타이핑","우병수","산업디자인학과","1학기","3","수1,2,3,4","디자인관(405)","이론실습","01","2025201335","3"
"INDE3305","공간 디지털 모델링 2","정석환","산업디자인학과","1학기","3","금6,7,8,9","디자인관(308)","이론실습","01","2025201331","3"
"PROJ3304","공간 캡스톤 디자인2","안세윤","산업디자인학과","1학기","3","수2,3,4,5","디자인관(406)","이론실습","01","2025201332","3"
"INDE3307","공공환경디자인 스튜디오 2","김지현","산업디자인학과","1학기","3","화6,7,8,9","디자인관(406)","이론실습","01","2025201329","3"
"INDE3102","디자인교과교재 및 연구법","노현숙","산업디자인학과","1학기","3","금6,7,8,9","디자인관(303)","이론실습","01","2025201326","3"
"INDE3104","디자인포트폴리오1","남민정","산업디자인학과","1학기","3","월3,4,5","디자인관(405)","이론실습","01","2025201325","2"
"INDE3309","실내디자인 스튜디오 2","안세윤,김소연","산업디자인학과","1학기","3","수6,7,수8,9","디자인관(406),디자인관(406)","이론실습","01","2025201330","3"
"PROJ3302","제품 캡스톤 디자인2","강현준","산업디자인학과","1학기","3","금1,2,3,4","디자인관(405)","이론실습","01","2025201336","3"
"INDE3312","제품디자인 스튜디오2","김장석","산업디자인학과","1학기","3","월6,7,8,9","디자인관(405)","이론실습","01","2025201328","3"
"INDE430010","UX/서비스시스템 졸업연구 2(캡스톤디자인)","신창범","산업디자인학과","1학기","4","월6,7,8,9","디자인관(305)","이론실습","01","2025201341","3"
"INDE430014","공공환경디자인 졸업연구 2(캡스톤디자인)","김지현","산업디자인학과","1학기","4","월2,3,4,5","디자인관(305)","이론실습","01","2025201343","3"
"INDE4103","디자인교과논리및논술","노현숙","산업디자인학과","1학기","4","금2,3,4,5","디자인관(303)","이론실습","01","2025201339","3"
"INDE430016","실내디자인 졸업연구 2(캡스톤디자인)","박진호","산업디자인학과","1학기","4","수6,7,8,9","디자인관(305)","이론실습","01","2025201342","3"
"INDE430012","제품디자인 졸업연구 2(캡스톤디자인)","김도엽","산업디자인학과","1학기","4","목7,8,9,10","디자인관(305)","이론실습","01","2025201340","3"
"INDE410005","포트폴리오","김도엽","산업디자인학과","1학기","4","화7,8,9,10","디자인관(305)","이론실습","01","2025201338","3"
"VMDE110025","AI와 창의적 디자인Ⅱ","박만기","시각 · 영상디자인학과","1학기","1","화1,2,3,4","디자인관(203)","이론실습","01","2025200263","3"
"VMDE110014","디자인과 심리","홍제이","시각 · 영상디자인학과","1학기","1","금2,3","건설공학관(110)","이론","01","2025200266","2"
"VMDE110016","디자인드로잉Ⅱ","폴포추나토","시각 · 영상디자인학과","1학기","1","수1,2,3,4","디자인관(203)","이론실습","01","2025200246","3"
"VMDE110020","색채조형","홍미희","시각 · 영상디자인학과","1학기","1","월1,2,3,4","디자인관(205)","이론실습","01","2025200244","3"
"VMDE110022","컴퓨터표현기법Ⅱ","조민영","시각 · 영상디자인학과","1학기","1","목6,7,8,9","디자인관(208)","이론실습","01","2025200267","3"
"VMDE110023","포토스튜디오","박성훈","시각 · 영상디자인학과","1학기","1","화6,7,8,9","디자인관(205)","이론실습","01","2025200248","3"
"VMDE210030","3D컴퓨터그래픽스","황민식","시각 · 영상디자인학과","1학기","2","수6,7,8,9","디자인관(208)","이론실습","01","2025200276","3"
"VMDE210016","기초시각디자인Ⅱ","노황우,백서영,노황우","시각 · 영상디자인학과","1학기","2","목1,2,3,4","디자인관(204)","이론실습","01","2025200279","3"
"VMDE210017","디자인교육론","최인혁","시각 · 영상디자인학과","1학기","2","수2,3","디자인관(222)","이론","01","2025200340","2"
"VMDE210031","디자인스토리텔링","박만기","시각 · 영상디자인학과","1학기","2","월8,9","디자인관(205)","이론","01","2025200283","2"
"VMDE210020","사용자연구스튜디오","하광수","시각 · 영상디자인학과","1학기","2","월1,2,3,4","디자인관(204)","이론실습","01","2025200275","3"
"VMDE210025","일러스트레이션Ⅱ","서정화","시각 · 영상디자인학과","1학기","2","금1,2,3,4","디자인관(206-1)","이론실습","01","2025200285","3"
"VMDE210027","컴퓨터표현기법Ⅳ","박만기","시각 · 영상디자인학과","1학기","2","화6,7,8,9","디자인관(208)","이론실습","01","2025200290","3"
"VMDE210029","타이포그래피Ⅱ","백서영","시각 · 영상디자인학과","1학기","2","목6,7,8,9","디자인관(205)","이론실습","01","2025200281","3"
"VMDE340041","캡스톤디자인(GUI디자인Ⅱ)","하광수","시각 · 영상디자인학과","1학기","3","금1,2,3,4","디자인관(404)","이론실습","01","2025200309","3"
"VMDE340043","캡스톤디자인(VFX스튜디오Ⅱ)","황민식","시각 · 영상디자인학과","1학기","3","화1,2,3,4","디자인관(208)","이론실습","01","2025200311","3"
"VMDE340032","캡스톤디자인(광고디자인Ⅱ)","김만수","시각 · 영상디자인학과","1학기","3","화6,7,8,9","디자인관(404)","이론실습","01","2025200304","3"
"VMDE340034","캡스톤디자인(아이덴티티Ⅱ)","이예지","시각 · 영상디자인학과","1학기","3","수1,2,3,4","디자인관(404)","이론실습","01","2025200305","3"
"VMDE340046","캡스톤디자인(영상콘텐츠디자인Ⅱ)","박만기","시각 · 영상디자인학과","1학기","3","수6,7,8,9","디자인관(206-1)","이론실습","01","2025200306","3"
"VMDE340048","캡스톤디자인(웹디자인스튜디오Ⅱ)","김수희","시각 · 영상디자인학과","1학기","3","수6,7,8,9","디자인관(408)","이론실습","01","2025200307","3"
"VMDE340030","캡스톤디자인(인터랙션디자인Ⅲ)","하광수","시각 · 영상디자인학과","1학기","3","화1,2,3,4","디자인관(404)","이론실습","01","2025200303","3"
"VMDE340050","캡스톤디자인(캐릭터애니메이션Ⅱ)","전윤애","시각 · 영상디자인학과","1학기","3","금6,7,8,9","디자인관(208)","이론실습","01","2025200310","3"
"VMDE340036","캡스톤디자인(편집디자인Ⅱ)","백서영","시각 · 영상디자인학과","1학기","3","월6,7,8,9","디자인관(404)","이론실습","01","2025200302","3"
"VMDE340038","캡스톤디자인(포장디자인Ⅱ)","노황우,김정아,노황우","시각 · 영상디자인학과","1학기","3","목6,7,8,9","디자인관(404)","이론실습","01","2025200308","3"
"VMDE4103","캡스톤디자인(융합디자인스튜디오Ⅱ)","김용철","시각 · 영상디자인학과","1학기","4","수6,7,8,9","디자인관(204)","이론실습","01","2025200316","3"
"VMDE4104","캡스톤디자인(융합디자인스튜디오Ⅲ)","노황우,김정아,노황우","시각 · 영상디자인학과","1학기","4","화6,7,8,9","디자인관(204)","이론실습","01","2025200317","3"
"VMDE4105","캡스톤디자인(융합디자인스튜디오Ⅳ)","백서영","시각 · 영상디자인학과","1학기","4","수1,2,3,4","디자인관(204)","이론실습","01","2025200318","3"
"VMDE4106","캡스톤디자인(융합디자인스튜디오Ⅴ)","하광수","시각 · 영상디자인학과","1학기","4","목6,7,8,9","디자인관(204)","이론실습","01","2025200319","3"
"VMDE4107","캡스톤디자인(융합디자인스튜디오Ⅵ)","황민식","시각 · 영상디자인학과","1학기","4","금1,2,3,4","디자인관(208)","이론실습","01","2025200320","3"
"VMDE4108","캡스톤디자인(융합디자인스튜디오Ⅶ)","박만기","시각 · 영상디자인학과","1학기","4","목1,2,3,4","디자인관(208)","이론실습","01","2025200321","3"
"PROJ400011","캡스톤디자인(포트폴리오디자인)","김정아","시각 · 영상디자인학과","1학기","4","월6,7,8,9","디자인관(206-1)","이론실습","01","2025200312","3"
"CCDE2101","디자인과 지식재산권","윤대원","생활디자인학과","1학기","2","화10,11,12","그린에너지관(606)","이론","01","2025201505","3"
"CCDE210006","융합시스템디자인","공용택","생활디자인학과","1학기","2","수10,11,12,13","그린에너지관(1001)","이론실습","01","2025201587","3"
"CCDE210008","캐리커처 디자인","김동욱","생활디자인학과","1학기","2","목10,11,12,13","그린에너지관(605)","이론실습","01","2025201589","3"
"CCDE2104","프러덕트디자인","정안철","생활디자인학과","1학기","2","금10,11,12,13","그린에너지관(606)","이론실습","01","2025201590","3"
"CCDE3201","리사이클링디자인","손현지","생활디자인학과","1학기","3","목10,11,12,13","그린에너지관(606)","이론실습","01","2025201592","3"
"CCDE3101","미국과 영국의 문화산업","이지효","생활디자인학과","1학기","3","수10,11,12","그린에너지관(605)","이론","01","2025201591","3"
"CCDE3202","패션주얼리 디자인","한정숙","생활디자인학과","1학기","3","화10,11,12,13","그린에너지관(605)","이론실습","01","2025201593","3"
"CCDE320008","편집디자인","공용택","생활디자인학과","1학기","3","월10,11,12,13","그린에너지관(1001)","이론실습","01","2025201594","3"
"CCDE4201","SNS디자인","공용택","생활디자인학과","1학기","4","목10,11,12,13","그린에너지관(1001)","이론실습","01","2025201595","3"
"CCDE4202","디자인과 마케팅","공용택","생활디자인학과","1학기","4","화10,11,12,13","그린에너지관(1001)","이론실습","01","2025201596","3"
"CCDE4204","스페이스디자인","강현정","생활디자인학과","1학기","4","수10,11,12,13","그린에너지관(606)","이론실습","01","2025201597","3"
"CCDE320007","영상디자인","김성광","생활디자인학과","1학기","4","월10,11,12,13","도서관(505)","이론실습","01","2025201598","3"
"COCS4103","응용역학","고채연","융합건설시스템학과","1학기","1","화10,11,12","건설공학관(211)","이론","01","2025201284","3"
"COCS2112","컴퓨터활용설계","변태근","융합건설시스템학과","1학기","1","목10,11,12,13","소재관및공동실험실습관(301)","이론실습","01","2025201292","3"
"COCS2103","건축리모델링개론","이은경","융합건설시스템학과","1학기","2","금10,11,12","건설공학관(303)","이론","01","2025201298","3"
"COCS2107","방재학","조성수","융합건설시스템학과","1학기","2","월10,11,12","건설공학관(504)","이론","01","2025201293","3"
"COCS3101","수질오염관리","인영범","융합건설시스템학과","1학기","2","목10,11,12","화학환경관(401)","이론","01","2025201287","3"
"COCS2108","스마트시티론","김희영","융합건설시스템학과","1학기","2","월13,14,15","건설공학관(504)","이론","01","2025201294","3"
"COCS4104","토질역학","김도현","융합건설시스템학과","1학기","2","수10,11,12","건설공학관(211)","이론","01","2025201285","3"
"COCS2105","도시대중교통론","변완희","융합건설시스템학과","1학기","3","수10,11,12","건설공학관(504)","이론","01","2025201295","3"
"COCS3206","도시재개발","정태일","융합건설시스템학과","1학기","3","목10,11,12","건설공학관(505)","이론","01","2025201296","3"
"COCS3102","철근콘크리트 구조설계","김승훈","융합건설시스템학과","1학기","3","월10,11,12,13","건설공학관(303)","이론실습","01","2025201299","3"
"COCS3104","폐기물관리공학","이도연","융합건설시스템학과","1학기","3","화10,11,12","화학환경관(401)","이론","01","2025201288","3"
"COCS3203","기후변화개론","권용휘","융합건설시스템학과","1학기","4","수10,11","화학환경관(401)","이론","01","2025201291","2"
"COCS3210","융합건설시스템 캡스톤디자인2","김승훈","융합건설시스템학과","1학기","4","화10,11,12,13","건설공학관(303)","이론실습","01","2025201301","3"
"ENGL1102","영미단편소설","김다산","영어영문학과","1학기","1","수6,7,8","인문사회과학관(103)","이론","01","2025200356","3"
"ENGL110006","영어세계탐색","박상희","영어영문학과","1학기","1","수6,7,8","인문사회과학관(101)","이론","01","2025200357","3"
"ENGL1103","영어학개론","남은희","영어영문학과","1학기","1","화2,3,4","인문사회과학관(103)","이론","01","2025200358","3"
"ENGL1105","영어회화(2)","크리스토퍼 갈랜드","영어영문학과","1학기","1","월6,7","인문사회과학관(304)","이론","01","2025200393","2"
"ENGL2201","ESP영작문(2)","최성","영어영문학과","1학기","2","월6,7,8","인문사회과학관(103)","이론","01","2025200402","3"
"ENGL2202","미국문학사","김연만","영어영문학과","1학기","2","수1,2,3","인문사회과학관(304)","이론","01","2025200403","3"
"ENGL2104","시사영어","박상희","영어영문학과","1학기","2","목2,3,4","인문사회과학관(102)","이론","01","2025200395","3"
"ENGL2105","시청각영어(1)","크리스토퍼 갈랜드","영어영문학과","1학기","2","월1,2","인문사회과학관(102)","이론","01","2025200396","2"
"ENGL2107","영국시","이난희","영어영문학과","1학기","2","수6,7,8","인문사회과학관(304)","이론","01","2025200397","3"
"ENGL2204","영어문장연습","이영주","영어영문학과","1학기","2","수6,7,8","인문사회과학관(102)","이론","01","2025200404","3"
"ENGL2113","영어청해(2)","크리스토퍼 갈랜드","영어영문학과","1학기","2","월3,4","인문사회과학관(102)","이론","01","2025200399","2"
"ENGL2115","영어회화(4)","크리스토퍼 갈랜드","영어영문학과","1학기","2","화2,3","인문사회과학관(304)","이론","01","2025200400","2"
"ENGL3201","미국소설(1)","김연만","영어영문학과","1학기","3","금1,2,3","인문사회과학관(304)","이론","01","2025200739","3"
"ENGL3204","영국문학사","김다산","영어영문학과","1학기","3","목2,3,4","인문사회과학관(101)","이론","01","2025200742","3"
"ENGL3102","영국소설(2)","박경화","영어영문학과","1학기","3","화2,3,4","인문사회과학관(102)","이론","01","2025200728","3"
"ENGL3206","영어교수법","이영주","영어영문학과","1학기","3","수2,3,4","인문사회과학관(102)","이론","01","2025200744","3"
"ENGL3104","영어사","박수진","영어영문학과","1학기","3","월6,7,8","인문사회과학관(101)","이론","01","2025200734","3"
"ENGL3106","영어음운론","박상희","영어영문학과","1학기","3","목6,7,8","인문사회과학관(101)","이론","01","2025200736","3"
"ENGL3209","영작문(4)","크리스토퍼 갈랜드","영어영문학과","1학기","3","금6,7","인문사회과학관(101)","이론","01","2025200746","2"
"ENGL4202","고급실용영어(2)","김경혜","영어영문학과","1학기","4","목2,3,4","인문사회과학관(304)","이론","01","2025200753","3"
"ENGL4110","영어화용론","박상희","영어영문학과","1학기","4","월2,3,4","인문사회과학관(304)","이론","01","2025200751","3"
"ENGL4208","영화와영미문학","정귀훈","영어영문학과","1학기","4","화6,7,8","인문사회과학관(304)","이론","01","2025200752","3"
"CHIN110012","아하 중국: 아무도 모르는 하이라이트 중국","김민옥","중국어과","1학기","1","화5,6","인문사회과학관(505)","이론","01","2025201982","2"
"CHIN110006","초급중국어강독(2)","김난미","중국어과","1학기","1","월2,3,4","인문사회과학관(204)","이론","01","2025201576","3"
"CHIN110008","초급중국어문법","임소정","중국어과","1학기","1","화6,7","인문사회과학관(204)","이론","01","2025201578","2"
"CHIN110010","초급중국어회화(2)","임소정","중국어과","1학기","1","수5,6,7","인문사회과학관(203)","이론","01","2025201577","3"
"CHIN210014","스토리텔링중국어(2)","최영호","중국어과","1학기","2","목7,8","인문사회과학관(306)","이론","01","2025201580","2"
"CHIN2106","중국어학개론(2)-음성학","한서영","중국어과","1학기","2","월6,7,8","인문사회과학관(327)","이론","01","2025201579","3"
"CHIN210016","중급중국어강독(2)","김난미","중국어과","1학기","2","수6,7,8","인문사회과학관(204)","이론","01","2025201581","3"
"CHIN210018","중급중국어회화(2)","임소정","중국어과","1학기","2","목2,3,4","인문사회과학관(203)","이론","01","2025201582","3"
"CHIN2112","한문강독(2)","오영식","중국어과","1학기","2","화2,3,4","인문사회과학관(204)","이론","01","2025201583","3"
"CHIN310017","고급중국어강독(2)","김난미","중국어과","1학기","3","월7,8,9","인문사회과학관(204)","이론","01","2025201835","3"
"CHIN310019","고급중국어회화(2)","전란옥","중국어과","1학기","3","화2,3,4","인문사회과학관(505)","이론","01","2025201836","3"
"CHIN310021","스토리텔링중국어(4)","전란옥","중국어과","1학기","3","수6,7","인문사회과학관(104)","이론","01","2025201971","2"
"CHIN3103","중국문학개론(2)","홍성초","중국어과","1학기","3","화7,8,9","인문사회과학관(203)","이론","01","2025201977","3"
"CHIN3201","중국어교과 교재 및 연구법","임소정","중국어과","1학기","3","수2,3,4","인문사회과학관(203)","이론","01","2025201837","3"
"CHIN3107","중국어문법(2)","임소정","중국어과","1학기","3","화2,3,4","인문사회과학관(306)","이론","01","2025201834","3"
"CHIN3111","캡스톤디자인(중국문화)(2)","김진곤","중국어과","1학기","3","화5,6","인문사회과학관(203)","이론","01","2025201586","2"
"CHIN4104","고전산문 깊이 읽기","양남","중국어과","1학기","4","목2,3,4","인문사회과학관(204)","이론","01","2025201985","3"
"CHIN420012","비즈니스중국어(2)","정주영","중국어과","1학기","4","화7,8,9","인문사회과학관(505)","이론","01","2025201972","3"
"CHIN410014","실전중국어회화(2)","전란옥","중국어과","1학기","4","화5,6","인문사회과학관(104)","이론","01","2025201979","2"
"CHIN410012","연강중국어","양남","중국어과","1학기","4","목7,8,9","인문사회과학관(204)","이론","01","2025201986","3"
"CHIN4203","중국 문학 작품 감상(2)-소설, 희곡","최영호","중국어과","1학기","4","월8,9","인문사회과학관(306)","이론","01","2025201973","2"
"CHIN410013","중국명작의현대적이해","김진곤","중국어과","1학기","4","금2,3,4","인문사회과학관(203)","이론","01","2025201978","3"
"CHIN4205","중국어교과교육론","김진곤","중국어과","1학기","4","화2,3,4","인문사회과학관(203)","이론","01","2025201975","3"
"CHIN4206","중국어작문(2)","전란옥","중국어과","1학기","4","수2,3,4","인문사회과학관(204)","이론","01","2025201980","3"
"JPAN1102","기초일본어(2)","김현주","일본어과","1학기","1","수6,7,8","인문사회과학관(205)","이론","01","2025200657","3"
"JPAN110008","기초일본어한자","신웅철","일본어과","1학기","1","화2,3,4","인문사회과학관(206)","이론","01","2025200673","3"
"JPAN110010","슬기로운 일본어 첫걸음","신웅철","일본어과","1학기","1","목2,3","인문사회과학관(503)","이론","01","2025200693","2"
"JPAN1105","초급일본어강독(2)","박혜성","일본어과","1학기","1","수2,3,4","인문사회과학관(205)","이론","01","2025200661","3"
"JPAN1107","초급일본어회화(2)","야스다 카나에","일본어과","1학기","1","월1,2","인문사회과학관(205)","이론","01","2025200694","2"
"JPAN2102","일본어강독(2)","윤재석","일본어과","1학기","2","수2,3,4","인문사회과학관(206)","이론","01","2025200648","3"
"JPAN2202","일본어문법(2)","신웅철","일본어과","1학기","2","수6,7,8","인문사회과학관(202)","이론","01","2025200690","3"
"JPAN2104","일본어문장연습(2)","야스다 카나에","일본어과","1학기","2","목6,7,8","인문사회과학관(205)","이론","01","2025200700","3"
"JPAN1103","일본어문형연습","김현주","일본어과","1학기","2","화6,7,8","인문사회과학관(202)","이론","01","2025200659","3"
"JPAN2105","일본어원서이해(1)","김윤영","일본어과","1학기","2","월6,7,8","인문사회과학관(206)","이론","01","2025200652","3"
"JPAN2203","일본어학개론","김의영,송미연,김의영","일본어과","1학기","2","목2,3,4","인문사회과학관(202)","이론","01","2025200663","3"
"JPAN2204","일본학세미나","박희영","일본어과","1학기","2","화2,3,4","인문사회과학관(202)","이론","01","2025200669","3"
"JPAN2108","중급일본어회화(2)","시바타 요코","일본어과","1학기","2","월1,2","인문사회과학관(202)","이론","01","2025200697","2"
"JPAN3201","글로벌 캡스톤디자인(일본문화)(2)","박희영","일본어과","1학기","3","수6,7,8,9","인문사회과학관(301)","이론실습","01","2025200672","3"
"JPAN3104","실무일본어 문서작성(2)","야스다 카나에","일본어과","1학기","3","금2,3","인문사회과학관(205)","이론","01","2025200702","2"
"JPAN3106","실무일본어(2)","야스다 카나에","일본어과","1학기","3","금6,7","인문사회과학관(205)","이론","01","2025200704","2"
"JPAN3204","일본문학개론(2)","박혜성","일본어과","1학기","3","화6,7,8","인문사회과학관(205)","이론","01","2025200637","3"
"JPAN3206","일본문화(2)","박희영","일본어과","1학기","3","수2,3,4","인문사회과학관(301)","이론","01","2025200670","3"
"JPAN3207","일본소설과스토리텔링","윤재석","일본어과","1학기","3","월2,3,4","인문사회과학관(206)","이론","01","2025200656","3"
"JPAN3107","일본어원서이해(2)","송미연","일본어과","1학기","3","목6,7,8","인문사회과학관(206)","이론","01","2025200706","3"
"JPAN3210","한일 이문화커뮤니케이션 교육(2)","김의영,김윤영,김의영","일본어과","1학기","3","화2,3,4","인문사회과학관(205)","이론","01","2025200666","3"
"JPAN4206","일본어경어연습","박혜성","일본어과","1학기","4","목2,3,4","인문사회과학관(205)","이론","01","2025200641","3"
"JPAN4208","일본어교과논리및논술","김현주","일본어과","1학기","4","목6,7,8","인문사회과학관(301)","이론","01","2025200660","3"
"JPAN4209","일본어교육론","김의영,송미연,김의영","일본어과","1학기","4","수6,7,8","인문사회과학관(206)","이론","01","2025200668","3"
"PUBP1101","민법Ⅰ","홍진희","공공행정학과","1학기","1","화2,3,4","디자인관(501)","이론","01","2025201111","3"
"PUBP1102","법학개론","김성호","공공행정학과","1학기","1","목6,7,8","디자인관(403)","이론","01","2025201350","3"
"PUBP1104","지방자치론","윤지경","공공행정학과","1학기","1","화7,8,9","디자인관(501)","이론","01","2025201117","3"
"PUBP1105","행정학개론","권기석","공공행정학과","1학기","1","금1,2,3","디자인관(502)","이론","01","2025201351","3"
"PUBP1107","헌법Ⅰ","김동균","공공행정학과","1학기","1","목2,3,4","디자인관(403)","이론","01","2025201118","3"
"PUBP2102","관료제도론","이창율","공공행정학과","1학기","2","금2,3,4","디자인관(501)","이론","01","2025201122","3"
"PUBP2104","산업정책론","이광희","공공행정학과","1학기","2","월2,3,4","디자인관(403)","이론","01","2025201124","3"
"PUBP2107","재무행정론","김지희","공공행정학과","1학기","2","목6,7,8","디자인관(501)","이론","01","2025201125","3"
"PUBP2108","주식회사법 I","김성호","공공행정학과","1학기","2","수6,7,8","디자인관(403)","이론","01","2025201127","3"
"PUBP2109","지식재산법 I","김창화","공공행정학과","1학기","2","월6,7,8","디자인관(403)","이론","01","2025201129","3"
"PUBP3105","행정법Ⅱ","김형섭","공공행정학과","1학기","2","수2,3,4","디자인관(403)","이론","01","2025201142","3"
"PUBP2205","헌법Ⅲ","김동균","공공행정학과","1학기","2","화2,3,4","디자인관(503)","이론","01","2025201134","3"
"PUBP3203","공기업론","이창율","공공행정학과","1학기","3","금6,7,8","디자인관(501)","이론","01","2025201137","3"
"PUBP3103","디지털 저작권법","김창화","공공행정학과","1학기","3","수2,3,4","디자인관(501)","이론","01","2025201136","3"
"PUBP2204","추리의 기법(추리논증)","고경선","공공행정학과","1학기","3","금2,3,4","디자인관(403)","이론","01","2025201138","3"
"PUBP3214","행정조직법","김형섭","공공행정학과","1학기","3","화2,3,4","디자인관(403)","이론","01","2025201140","3"
"PUBP3210","형법Ⅱ","홍진희","공공행정학과","1학기","3","화6,7,8","디자인관(403)","이론","01","2025201141","3"
"PUBP4216","공법실무","김동균","공공행정학과","1학기","4","수6,7,8","디자인관(501)","이론","01","2025201367","3"
"PUBP4203","기업법세미나","김성호","공공행정학과","1학기","4","화6,7,8","디자인관(503)","이론","01","2025201144","3"
"PUBP4205","법정책학","김형섭","공공행정학과","1학기","4","목2,3,4","디자인관(501)","이론","01","2025201145","3"
"PUBP4210","지식재산판례연구","김창화","공공행정학과","1학기","4","월2,3,4","디자인관(501)","이론","01","2025201147","3"
"ECON110004","거시경제의 이해","조영탁","경제학과","1학기","1","월1,2,3","경상학관(711)","이론","01","2025201096","3"
"ECON2101","거시경제학","유진영","경제학과","1학기","2","화1,2,3","경상학관(404)","이론","01","2025201101","3"
"ECON2201","경제사","박준우","경제학과","1학기","2","월6,7,8","경상학관(107)","이론","01","2025201106","3"
"ECON1101","경제수학","조필규","경제학과","1학기","2","화2,목2,3","경상학관(711),경상학관(711)","이론","01","2025201097","3"
"ECON2106","부동산경제학","박종훈","경제학과","1학기","2","금2,3,4","경상학관(711)","이론","01","2025201108","3"
"ECON2107","산업경제학","조필규","경제학과","1학기","2","화7,목6,7","경상학관(107),경상학관(107)","이론","01","2025201104","3"
"ECON2206","창업과 벤처금융","김태우","경제학과","1학기","2","금6,7,8","경상학관(107)","이론","01","2025201109","3"
"ECON2208","취업영어Ⅱ","정경미","경제학과","1학기","2","목2,3,4","경상학관(107)","이론","01","2025201107","3"
"ECON2209","통계분석실습","신유식","경제학과","1학기","2","수6,7,8,9","경상학관(402)","이론실습","01","2025201105","3"
"ECON2111","환경경제학","전승호","경제학과","1학기","2","월1,2,3","경상학관(710)","이론","01","2025201110","3"
"ECON3101","국제금융론","민경세","경제학과","1학기","3","월6,7,8","경상학관(404)","이론","01","2025201112","3"
"ECON3206","금융제도와 경제","조복현","경제학과","1학기","3","금1,2,3","경상학관(710)","이론","01","2025201120","3"
"ECON3105","노사관계론","남기곤","경제학과","1학기","3","수2,3,목9","경상학관(711),경상학관(711)","이론","01","2025201121","3"
"ECON3110","지역경제론","박종훈","경제학과","1학기","3","목6,7,8","경상학관(711)","이론","01","2025201119","3"
"ECON3216","캡스톤디자인(경제학)","신유식","경제학과","1학기","3","금6,7,8,9","경상학관(402)","이론실습","01","2025201126","3"
"ECON3217","후생경제학","박준우","경제학과","1학기","3","화6,7,8","경상학관(404)","이론","01","2025201123","3"
"ECON4201","경제분석세미나","권덕희","경제학과","1학기","4","월6,7,8","경상학관(710)","이론","01","2025201133","3"
"ECON4205","국제경제정책","김제금","경제학과","1학기","4","화2,3,4","경상학관(107)","이론","01","2025201131","3"
"ECON420027","실증미시경제학","신유식","경제학과","1학기","4","화6,7,8","경상학관(402)","이론","01","2025201763","3"
"ECON4217","자산운용전략","유진영","경제학과","1학기","4","목2,3,4","경상학관(710)","이론","01","2025201764","3"
"CUFE4103","금융경제특강","이정걸","협동조합금융학과","1학기","3","토8,9,10","경상학관(710)","이론","01","2025201605","3"
"CUFE3109","신협회계","조봉주","협동조합금융학과","1학기","3","금10,11,12","경상학관(710)","이론","01","2025201252","3"
"CUFE4118","중소기업금융","박준우","협동조합금융학과","1학기","3","토1,2,3","경상학관(710)","이론","01","2025201254","3"
"CUFE3114","채권관리","이성용","협동조합금융학과","1학기","3","수10,11,12,목10,11,12","경상학관(710),경상학관(710)","실습","01","2025201253","3"
"CUFE4120","한국금융경제론","박종훈","협동조합금융학과","1학기","4","토5,6,7","경상학관(710)","이론","01","2025202317","3"
"BIZA1101","4차산업혁명과 정보기술","김건우","융합경영학과","1학기","1","화2,3,4,5","경상학관(611)","이론실습","01","2025201461","3"
"BIZA110008","경영학콘서트","박정민","융합경영학과","1학기","1","월6,7,8","경상학관(302)","이론","01","2025201464","3"
"BIZA1106","회계학원론","김경혜","융합경영학과","1학기","1","목2,3,4","경상학관(302)","이론","01","2025201459","3"
"BIZA2207","브랜드관리","이성호","융합경영학과","1학기","2","화6,7,8","경상학관(305)","이론","01","2025201470","3"
"BIZA2209","서비스운영관리","김수연","융합경영학과","1학기","2","수2,3,4","경상학관(302)","이론","01","2025201471","3"
"BIZA2210","소비자행동론","지성구","융합경영학과","1학기","2","화2,3,4","경상학관(406)","이론","01","2025201472","3"
"BIZA2103","재무관리","박정민","융합경영학과","1학기","2","화6,7,8","경상학관(610)","이론","01","2025201466","3"
"BIZA2104","재무회계","김경혜","융합경영학과","1학기","2","금2,3,4","경상학관(610)","이론","01","2025201468","3"
"BIZA2211","조직론","이원철,서진원","융합경영학과","1학기","2","목10,11,12","경상학관(406)","이론","01","2025201473","3"
"BIZA3101","국제경영론","고경량","융합경영학과","1학기","3","월6,7,8","경상학관(610)","이론","01","2025201475","3"
"BIZA3206","기계가 학습하는 법","최근호","융합경영학과","1학기","3","목6,7,8,9","경상학관(401)","이론실습","01","2025201482","3"
"BIZA3102","기술경영론","최종인","융합경영학과","1학기","3","화2,3,4","경상학관(610)","이론","01","2025201477","3"
"BIZA3212","소매관리","지성구","융합경영학과","1학기","3","수2,3,4","경상학관(610)","이론","01","2025201483","3"
"BIZA3214","원가회계","김경혜","융합경영학과","1학기","3","수6,7,8","경상학관(302)","이론","01","2025201485","3"
"BIZA3215","유통관리론","이성호","융합경영학과","1학기","3","목2,3,4","경상학관(611)","이론","01","2025201486","3"
"BIZA4201","21세기첨단경영론","박준병","융합경영학과","1학기","4","월2,3,4","경상학관(611)","이론","01","2025201490","3"
"BIZA4205","국제마케팅","최진","융합경영학과","1학기","4","목2,3,4","경상학관(610)","이론","01","2025201493","3"
"BIZA3205","금융리스크관리","백강","융합경영학과","1학기","4","화6,7,8","경상학관(406)","이론","01","2025201495","3"
"BIZA4213","미래예측과 혁신전략","이원일","융합경영학과","1학기","4","수6,7,8","경상학관(611)","이론","01","2025201498","3"
"BIZA4221","이문화관리와 협상","김응규","융합경영학과","1학기","4","수2,3,4","경상학관(406)","이론","01","2025201500","3"
"BIZA4229","품질경영","김수연","융합경영학과","1학기","4","목6,7,8","경상학관(611)","이론","01","2025201504","3"
"ACCT0203","고급회계","박성환","회계학과","1학기","3","수6,7,8","경상학관(511)","이론","01","2025201428","3"
"ACCT0206","관리회계2","왕현선","회계학과","1학기","3","목2,3,4","경상학관(511)","이론","01","2025201429","3"
"ACCT0246","기업법","이동건","회계학과","1학기","3","화2,3,4","경상학관(105)","이론","01","2025201430","3"
"ACCT0122","법인세법-2","권기정","회계학과","1학기","3","수6,7,8","경상학관(510)","이론","01","2025201422","3"
"ACCT0226","전산회계실습","이하진","회계학과","1학기","3","수1,2,3,4","경상학관(401)","이론실습","01","2025201431","3"
"ACCT0117","창업경영론","송우용","회계학과","1학기","3","월6,7,8","경상학관(105)","이론","01","2025201426","3"
"ACCT0240","회계학연습","김재욱","회계학과","1학기","3","월2,3,4","경상학관(405)","이론","01","2025201432","3"
"ACCT0243","세무회계실무사례2","이동건","회계학과","1학기","4","수2,3,4","경상학관(105)","이론","01","2025201435","3"
"ACCT0227","정부 및 비영리회계","이도희","회계학과","1학기","4","월2,3,4","경상학관(510)","이론","01","2025201436","3"
"ACTX210002","경영통계학","임재학","회계세무학과","1학기","1","수2,3,4","경상학관(405)","이론","01","2025201440","3"
"ACTX110002","경제학원론","육소영","회계세무학과","1학기","1","월2,3,4","경상학관(105)","이론","01","2025201444","3"
"ACTX210005","세법개론","권기정","회계세무학과","1학기","1","월6,7,8","경상학관(510)","이론","01","2025201446","3"
"ACTX210008","재무회계학개론","박성환","회계세무학과","1학기","1","화2,3,4","경상학관(101)","이론","01","2025201441","3"
"ACTX110003","회계이론의 기초","최경수","회계세무학과","1학기","1","화6,7,8","경상학관(405)","이론","01","2025201447","3"
"ACTX320004","경영과학","송장근","회계세무학과","1학기","2","목2,3,4","경상학관(510)","이론","01","2025201456","3"
"ACTX320012","소득세법","권기정","회계세무학과","1학기","2","화6,7,8","경상학관(510)","이론","01","2025201457","3"
"ACTX210006","원가회계-2","최경수","회계세무학과","1학기","2","월1,2,3","경상학관(511)","이론","01","2025201449","3"
"ACTX310004","중급회계2","홍준용","회계세무학과","1학기","2","수2,3,4","경상학관(510)","이론","01","2025201451","3"
"ACTX310006","회계정보시스템","임재학","회계세무학과","1학기","2","월6,7,8","경상학관(405)","이론","01","2025201453","3"
"ACTX320022","회계캡스톤디자인2","이동건","회계세무학과","1학기","4","화6,7,8","경상학관(509)","이론","01","2025201606","3"
"SEBM2102","비즈니스모델 개발과 검증","김명숙","창업경영학과","1학기","2","월10,11,12","경상학관(305)","이론","01","2025201400","3"
"SEBM2104","산업조사분석론-창업네트워킹","길석면","창업경영학과","1학기","2","수10,11,12","경상학관(305)","이론","01","2025201401","3"
"SEBM2105","창업마케팅","이성호","창업경영학과","1학기","2","화10,11,12","경상학관(610)","이론","01","2025201402","3"
"SEBM2107","창업의사결정이해","송장근","창업경영학과","1학기","2","목10,11,12","경상학관(305)","이론","01","2025201403","3"
"SEBM3102","기술사업화","이원일","창업경영학과","1학기","3","화13,14,15","경상학관(611)","이론","01","2025201404","3"
"SEBM3103","사업계획서 작성 심화","길석면","창업경영학과","1학기","3","목10,11,12","경상학관(611)","이론","01","2025201405","3"
"SEBM3105","생산의 이해","송장근","창업경영학과","1학기","3","금10,11,12","경상학관(611)","이론","01","2025201406","3"
"SEBM3106","창업인사관리","이준우","창업경영학과","1학기","3","수10,11,12","경상학관(610)","이론","01","2025201407","3"
"SEBM3110","투자론","백강","창업경영학과","1학기","3","화10,11,12","경상학관(611)","이론","01","2025201408","3"
"SEBM4203","기업경영분석","박정민","창업경영학과","1학기","4","화10,11,12","경상학관(305)","이론","01","2025201409","3"
"SEBM4207","창업경영실습(III)","양영식","창업경영학과","1학기","4","월10,11,12","경상학관(406)","이론","01","2025201410","3"
"SEBM4208","창업경영실습(IV)","서준석","창업경영학과","1학기","4","수10,11,12","경상학관(611)","이론","01","2025201411","3"
"SEBM4213","창업응용프로젝트(II)","이원일","창업경영학과","1학기","4","목13,14,15","경상학관(611)","이론","01","2025201412","3"
"ATRE0103","경영통계","임재학","회계세무부동산학과","1학기","1","수10,11,12","경상학관(510)","이론","01","2025201380","3"
"ATRE110002","부동산학원론Ⅰ","길중석","회계세무부동산학과","1학기","1","화10,11,12","경상학관(510)","이론","01","2025201381","3"
"ATRE0108","법인세법","장광식","회계세무부동산학과","1학기","2","수10,11,12","경상학관(405)","이론","01","2025201383","3"
"ATRE0210","원가관리","홍준용","회계세무부동산학과","1학기","2","화10,11,12","경상학관(405)","이론","01","2025201387","3"
"ATRE0117","중급회계입문","왕현선","회계세무부동산학과","1학기","2","월10,11,12","경상학관(405)","이론","01","2025201384","3"
"ATRE210001","회계프로그램입문","이하진","회계세무부동산학과","1학기","2","목10,11,12","경상학관(405)","이론","01","2025201386","3"
"ATRE0106","국제경영학","송우용","회계세무부동산학과","1학기","3","목10,11,12","경상학관(511)","이론","01","2025201389","3"
"ATRE0110","부동산투자론","김도훈","회계세무부동산학과","1학기","3","수13,14,15","경상학관(511)","이론","01","2025201390","3"
"ATRE0209","상속세법 및 증여세법","이동건","회계세무부동산학과","1학기","3","화10,11,12","경상학관(511)","이론","01","2025201391","3"
"ATRE0216","증권투자론","오동석","회계세무부동산학과","1학기","3","금10,11,12","경상학관(511)","이론","01","2025201392","3"
"ATRE0220","회계감사","허세봉,박성환","회계세무부동산학과","1학기","3","월10,11,12","경상학관(511)","이론","01","2025201393","3"
"ATRE0202","관리회계사례","이도희","회계세무부동산학과","1학기","4","월10,11,12","경상학관(105)","이론","01","2025201395","3"
"DSLA100275","대학영어","","회계세무부동산학과","1학기","4","","","이론","01","2025202357","3"
"DSMJ100115","생산관리","","회계세무부동산학과","1학기","4","","","이론","01","2025202355","3"
"ATRE0211","은퇴설계","김경록","회계세무부동산학과","1학기","4","금10,11,12","경상학관(105)","이론","01","2025201398","3"
"DSLA100273","인성교육1","","회계세무부동산학과","1학기","4","","","이론","01","2025202353","1"
"DSMJ100116","조직행위론","","회계세무부동산학과","1학기","4","","","이론","01","2025202356","3"
"DSLA100274","토익입문1","","회계세무부동산학과","1학기","4","","","이론","01","2025202354","4"
"ATRE0221","회계윤리","이도희","회계세무부동산학과","1학기","4","목10,11,12","경상학관(105)","이론","01","2025201399","3"
"SHLD3007","스마트 휴먼라이프 디자인설계(캡스톤디자인)","안세윤,김도엽","스마트 휴먼라이프 디자인","1학기","3","목11,12,목13,14","디자인관(309-3),디자인관(309-3)","이론실습","01","2025201344","3"
"SHLD4003","스마트 휴먼라이프 디자인 프로젝트 개발(캡스톤디자인)","박현주,노황우,하광수,노황우","스마트 휴먼라이프 디자인","1학기","4","월11,12,월13,14","디자인관(309-3),디자인관(309-3)","이론실습","01","2025201345","3"
"SFAC3009","메카트로닉스기초2","김재성","스마트팩토리","1학기","2","목6,7,8,9","산업정보관(204)","이론실습","01","2025200822","3"
"SFAC3007","디지털매뉴팩처링","김재성","스마트팩토리","1학기","3","수1,2,3,4","산업정보관(205)","이론실습","01","2025200820","3"
"SFAC3017","스마트생산시스템","신문수","스마트팩토리","1학기","3","목2,3,4","산업정보관(204)","이론","01","2025200821","3"
"SFAC3022","스마트팩토리물류","김기태","스마트팩토리","1학기","3","월6,7,8","산업정보관(201)","이론","01","2025200819","3"
"IUDT3001","3D프린팅","최균석,정주영","디지털 트랜스포매이션","1학기","2","화2,화3,4,5","건설공학관(116),건설공학관(116)","이론실습","01","2025200919","3"
"IUDT2001","기술창업과 디지털 경영","변영조","디지털 트랜스포매이션","1학기","2","월10,11,12","산학연협동관(415)","이론","01","2025201726","3"
"META300002","메타버스 콘텐츠 기획","최우승","메타버스 융합디자인","1학기","3","월11,12,13,14","디자인관(308)","이론실습","01","2025201346","3"
"META400002","메타버스 포트폴리오","최우승","메타버스 융합디자인","1학기","4","월6,7,8,9","디자인관(308)","이론실습","01","2025201347","3"
"HUSS300008","디지털 기술트렌드","최근호","ICT 융합기반 기획","1학기","3","금2,3,4","경상학관(108)","이론","01","2025201416","3"
"HUSS300001","사회 빅데이터 분석","권기석","ICT 융합기반 기획","1학기","3","목6,7,8","디자인관(504)","이론","01","2025201414","3"
"HUSS300019","초연결시대 사업전략","이원일","ICT 융합기반 기획","1학기","3","월1,2,3","경상학관(108)","이론","01","2025201418","3"
"HUSS200005","사회적 기업과 조직이론","이준우,이성호","ICT 융합기반 기획","1학기","4","금10,11,12","경상학관(108)","이론","01","2025201417","3"
"MSSS2001","군사학2(안전 및 조직관리 사례연구)","정혜정","학군단","1학기","3","화7,8,금2,3","학군단(307),학군단(307)","이론","01","2025201114","2"
"MSSS4001","군사학4(조직리더십 사례연구)","최재도","학군단","1학기","4","화7,8,금2,3","학군단(405),학군단(405)","이론","01","2025200344","2"
"LAUU1001","대전의 재발견","김윤기","교무처","1학기","1","수2,3","","이론","01","2025202245","2"
"LAUU1002","인문학의 향기","김윤기","교무처","1학기","1","화2,3","","이론","01","2025202246","2"
"PROJ1001","다학제간캡스톤디자인1","박현주,최윤석,김승민","공학교육혁신센터","1학기","1","화10,11,수10,11,수12,13","산업정보관(316),산업정보관(316),산업정보관(316)","실습","01","2025201374","3"
"PROJ2001","다학제간캡스톤디자인2","김태훈,현장훈","공학교육혁신센터","1학기","1","월10,11,12,13,금10,11","자동화관(408),자동화관(408)","실습","01","2025201376","3"
"SPAC300005","반도체소재설계","신기현","반도체 공정·분석","1학기","3","화2,3,4","창의혁신관(308)","이론","01","2025202224","3"
"SPAC400006","반도체소자동작특성","고종범","반도체 공정·분석","1학기","4","수1,2,3","소재관및공동실험실습관(601)","이론","01","2025200181","3"
"SPAC400009","유연반도체소재공학","신동욱","반도체 공정·분석","1학기","4","목1,2,3","소재관및공동실험실습관(406)","이론","01","2025200178","3"
"EXHI300004","전시인터랙션디자인 스튜디오2","박진호","전시인터랙션디자인","1학기","3","월6,7,8,9","디자인관(406)","이론실습","01","2025201348","3"
"EXHI400002","전시인터랙션디자인 졸업연구2","박진호","전시인터랙션디자인","1학기","4","수2,3,4,5","디자인관(305)","이론실습","01","2025201349","3"
"LAWP300001","민사법심화","고경선","법조전문인재","1학기","4","목6,7,8","디자인관(502)","이론","01","2025201149","3"
"LAWP300006","형사법심화","심재철","법조전문인재","1학기","4","월7,8,9","디자인관(502)","이론","01","2025201150","3"
"SSER1001","사회봉사","박준식","공과대학","1학기","1","","","실습","01","2025200825","1"
"OCMJ300134","中國經濟(三上)","","국내외교류(중국어과)","1학기","3","","","이론","01","2025202362","2"
"OCMJ300009","中國歷史1(三上)","","국내외교류(중국어과)","1학기","3","","","이론","01","2025202361","2"
"OCMJ300137","當代北京人(三上)","","국내외교류(중국어과)","1학기","3","","","이론","01","2025202364","2"
"OCMJ300136","考古與博物館(三上)","","국내외교류(중국어과)","1학기","3","","","이론","01","2025202363","2"
"OCMJ300135","邏輯學(三上)","","국내외교류(중국어과)","1학기","3","","","이론","01","2025202358","2"
"OCMJ300133","高級漢語聽說1(三上)","","국내외교류(중국어과)","1학기","3","","","이론","01","2025202360","2"
"OCMJ300132","高級漢語讀寫1(三上)","","국내외교류(중국어과)","1학기","3","","","이론","01","2025202359","3"
"SPDC300014","캡스톤디자인3","신기현","반도체공정소자융합","1학기","4","금1,2,3,4","소재관및공동실험실습관(306)","이론실습","01","2025202233","3"
"SCDC300004","반도체융합특강","유광기","반도체회로설계융합","1학기","4","금10,11,12","","이론","01","2025202232","3"
"BDCO400001","빅데이터융합특론","김은경","빅데이터 융합","1학기","4","월10,11,12","세종(임대형)캠퍼스(217)","이론","01","2025201250","3"
"ETCV200001","학습분석의 이해","진성희","에듀테크","1학기","2","화2,3,4","인문사회과학관(403)","이론","01","2025202053","3"
"NGEN1013","4차 산업혁명의 핵심기술","윤석일","노마드칼리지","1학기","1","목2,3,4","경상학관(305)","이론","01","2025200990","3"
"NBAS1001","C 프로그래밍","김정환","노마드칼리지","1학기","1","금1,2,3,4","도서관(505)","이론실습","01","2025201506","3"
"NGLI1001","SF로 보는 미래","김주리","노마드칼리지","1학기","1","수2,3,4","인문사회과학관(401)","이론","01","2025200001","3"
"NBAS1004","Scratch 프로그래밍","이은주","노마드칼리지","1학기","1","월6,7,8,9","도서관(502)","이론실습","01","2025201524","3"
"NCFR1001","경제와 사회","홍영준","노마드칼리지","1학기","1","화2,3,4","창의혁신관(317)","이론","01","2025200991","3"
"NSPH1002","고급물리학 및 실험Ⅱ","강동열","노마드칼리지","1학기","1","목10,11,12,13","그린에너지관(713)","이론실습","01","2025201528","3"
"NSMA1002","고급미분적분학Ⅱ","신재민","노마드칼리지","1학기","1","월10,11,12","그린에너지관(713)","이론","01","2025201529","3"
"NGLI1002","고전읽기","박소영","노마드칼리지","1학기","1","월2,3,4","인문사회과학관(305)","이론","01","2025200002","3"
"NGSC1001","공간과학","이상호","노마드칼리지","1학기","1","목2,3,4","건설공학관(504)","이론","01","2025200997","3"
"NBAS1008","공학 글쓰기","송혜란","노마드칼리지","1학기","1","화2,3","인문사회과학관(303)","이론","01","2025200003","2"
"NGHI100018","과학기술과 사회","유상운","노마드칼리지","1학기","1","월6,7,8","인문사회과학관(403)","이론","01","2025200745","3"
"NGEN1010","과학기술과 지식재산","김창화","노마드칼리지","1학기","1","화2,3,4","디자인관(502)","이론","01","2025200999","3"
"NGPH1001","과학기술과 철학의 하이브리드","이병호","노마드칼리지","1학기","1","월2,3,4","인문사회과학관(401)","이론","01","2025200722","3"
"NCCR1001","과학기술사","오철우","노마드칼리지","1학기","1","화2,3,4","인문사회과학관(401)","이론","01","2025200522","3"
"NGGL1001","교양한문","이해진","노마드칼리지","1학기","1","목2,3,4","경상학관(301)","이론","01","2025200007","3"
"NGHI1001","국가행정의 이해","이아람","노마드칼리지","1학기","1","월6,7,8","건설공학관(103)","이론","01","2025201001","3"
"NGEN1009","기업경영의 이해","변영조","노마드칼리지","1학기","1","월2,3,4","경상학관(305)","이론","01","2025201002","3"
"NGSW1001","기초 모바일 앱 프로그래밍","박정민","노마드칼리지","1학기","1","수1,2,3,4","도서관(503)","이론실습","01","2025201530","3"
"NSPH1003","기초물리학","이장원","노마드칼리지","1학기","1","월2,3,4","그린에너지관(712)","이론","01","2025201796","3"
"NSMA1003","기초미분적분학","배수현","노마드칼리지","1학기","1","화2,3,4","그린에너지관(712)","이론","01","2025201531","3"
"NSMA1004","기초통계학","김소라","노마드칼리지","1학기","1","월2,3,4","그린에너지관(610)","이론","01","2025201533","3"
"NGPH1009","나눔의 교육","진성희,김지현,김태구,김지현,김태구","노마드칼리지","1학기","1","목6,7,8","디자인관(309-3)","이론","01","2025200731","3"
"NGPH1002","논어와 현대사회","황인선","노마드칼리지","1학기","1","목2,3,4","인문사회과학관(305)","이론","01","2025200726","3"
"NGHI1002","뉴미디어와 현대사회","이준석","노마드칼리지","1학기","1","목2,3,4","창의혁신관(413)","이론","01","2025201004","3"
"NGHI1014","다문화 사회","신유진","노마드칼리지","1학기","1","금6,7,8","경상학관(305)","이론","01","2025201885","3"
"NBAS1005","대학영어","조미행","노마드칼리지","1학기","1","월3,4","창의혁신관(409)","이론","01","2025200958","2"
"NSMA3001","데이터 모델링","오진호","노마드칼리지","1학기","1","수6,7,8","창의혁신관(315)","이론","01","2025201542","3"
"NGSW1002","데이터로 표현하는 세상","이봉근","노마드칼리지","1학기","1","화1,2,3,4","도서관(503)","이론실습","01","2025201543","3"
"NGHI1003","동북아시아사","윤정환","노마드칼리지","1학기","1","화2,3,4","경상학관(201)","이론","01","2025200738","3"
"NGHI1015","동서문명의 교류","정세권","노마드칼리지","1학기","1","목6,7,8","인문사회과학관(505)","이론","01","2025200747","3"
"NGLI1003","디자인과 생활","정안철","노마드칼리지","1학기","1","수2,3","창의혁신관(413)","이론","01","2025201006","2"
"NGLI1004","문학의 이해","오영록","노마드칼리지","1학기","1","화2,3,4","인문사회과학관(201)","이론","01","2025200010","3"
"NGEN1007","문화콘텐츠비즈니스","김미리","노마드칼리지","1학기","1","금2,3,4","창의혁신관(413)","이론","01","2025201007","3"
"NCCH1002","문화콘텐츠스토리텔링","안아름","노마드칼리지","1학기","1","월2,3,4","경상학관(201)","이론","01","2025200005","3"
"NSPH1004","물리학 및 실험Ⅰ","김대중","노마드칼리지","1학기","1","월1,2,3,4","그린에너지관(605)","이론실습","01","2025202205","3"
"NSPH1005","물리학 및 실험Ⅱ","김강배","노마드칼리지","1학기","1","월1,2,3,4","그린에너지관(606)","이론실습","01","2025202216","3"
"NGHI1004","미국문화의 이해","서경숙","노마드칼리지","1학기","1","목2,3,4","창의혁신관(410)","이론","01","2025201008","3"
"NSMA1005","미분방정식","배수현","노마드칼리지","1학기","1","월6,7,8","그린에너지관(712)","이론","01","2025201800","3"
"NSMA1006","미분적분학Ⅰ","박선미","노마드칼리지","1학기","1","월2,3,4","그린에너지관(715)","이론","01","2025201545","3"
"NSMA1007","미분적분학Ⅱ","윤찬미","노마드칼리지","1학기","1","월6,7,8","그린에너지관(509)","이론","02","2025201556","3"
"NGLI1005","미술의 이해","배선명","노마드칼리지","1학기","1","화2,3","창의혁신관(413)","이론","01","2025201009","2"
"NBAS1007","발표와 토론","유세진","노마드칼리지","1학기","1","월2,3","인문사회과학관(302)","이론","01","2025200464","2"
"NGLI1008","베스트셀러읽기","이혜정","노마드칼리지","1학기","1","화6,7,8","경상학관(201)","이론","01","2025200013","3"
"NGSC1003","생활 속의 과학","김덕현","노마드칼리지","1학기","1","화2,3,4","그린에너지관(713)","이론","01","2025201803","3"
"NGSC1004","생활 속의 수학","김성환","노마드칼리지","1학기","1","수2,3,4","그린에너지관(715)","이론","01","2025201805","3"
"NGHI1005","생활과 법률","최정윤","노마드칼리지","1학기","1","화2,3,4","창의혁신관(316)","이론","01","2025201011","3"
"NGEN1014","생활과 세금","길중석","노마드칼리지","1학기","1","수6,7","창의혁신관(411)","이론","01","2025201013","2"
"NGHI1006","서양사의 이해","김충현","노마드칼리지","1학기","1","수2,3,4","인문사회과학관(201)","이론","01","2025200741","3"
"NSMA1009","선형대수학","김남균","노마드칼리지","1학기","1","월6,7,8","그린에너지관(713)","이론","01","2025201807","3"
"NGEN1015","세계경제의 이해","문혜정","노마드칼리지","1학기","1","월6,7,8","창의혁신관(317)","이론","01","2025201014","3"
"NGHI1007","세계사의 이해","최향란","노마드칼리지","1학기","1","목2,3,4","경상학관(201)","이론","01","2025200743","3"
"NCFR3001","세계시민과 국가","권설아","노마드칼리지","1학기","1","화2,3,4","인문사회과학관(305)","이론","01","2025200528","3"
"NGGL1002","스페인어","진미령","노마드칼리지","1학기","1","금2,3,4","그린에너지관(604)","이론","01","2025201015","3"
"NGSP1003","스포츠와 건강","박유미","노마드칼리지","1학기","1","월6,7","생활체육관(108)","이론","01","2025201016","2"
"NGSP1004","스포츠와 비판적사고","김세환","노마드칼리지","1학기","1","목2,3,4","그린에너지관(608)","이론","40","2025202174","3"
"NCCR1002","심리분석","이순주","노마드칼리지","1학기","1","월2,3,4","인문사회과학관(501)","이론","01","2025200534","3"
"NGEN1003","알기쉬운 실용금융","김응규","노마드칼리지","1학기","1","화2,3,4","경상학관(302)","이론","01","2025201021","3"
"NGEN200001","양자 정보과학 및 컴퓨터","이장원,박지용","노마드칼리지","1학기","1","수6,7,8","그린에너지관(608)","이론","01","2025201566","3"
"NGLI1006","언어와 사회","성희제","노마드칼리지","1학기","1","수6,7,8","인문사회과학관(501)","이론","01","2025200012","3"
"NGHI1008","여성학","김민정","노마드칼리지","1학기","1","화2,3,4","창의혁신관(411)","이론","01","2025201023","3"
"NCFR1003","역사와 문화","이성우","노마드칼리지","1학기","1","월2,3,4","인문사회과학관(402)","이론","01","2025200540","3"
"NGGL1003","영어I","김정애","노마드칼리지","1학기","1","화2,3,4","창의혁신관(409)","이론","01","2025201025","3"
"NGGL2001","영어II","전주현","노마드칼리지","1학기","1","월6,7,8","창의혁신관(410)","이론","01","2025201026","3"
"NGLI100010","오케스트라와 교향곡의 세계","최유미","노마드칼리지","1학기","1","수2,3","인문사회과학관(207)","이론","01","2025201027","2"
"NGLI100011","오페라 산책","길민호","노마드칼리지","1학기","1","수6,7","인문사회과학관(207)","이론","01","2025201028","2"
"NGSP1005","웰빙시대의 건강관리","김세환","노마드칼리지","1학기","1","금2,3,4","그린에너지관(101)","이론","01","2025201029","3"
"NGSW1003","웹과 인터넷","고유정","노마드칼리지","1학기","1","월6,7,8,9","도서관(505)","이론실습","01","2025201567","3"
"NGEN1004","융복합경영","이철준","노마드칼리지","1학기","1","목2,3,4","경상학관(406)","이론","01","2025201030","3"
"NGLI1007","음악의 이해","길민호","노마드칼리지","1학기","1","월2,3","인문사회과학관(207)","이론","01","2025201031","2"
"NCCR1003","인간과 윤리","임윤정","노마드칼리지","1학기","1","월2,3,4","인문사회과학관(201)","이론","01","2025200546","3"
"NCCH1003","인간과 환경","장덕수","노마드칼리지","1학기","1","화2,3,4","건설공학관(208)","이론","01","2025201035","3"
"NCFR1004","인간삶과 교육","진성희","노마드칼리지","1학기","1","월2,3,4","창의혁신관(316)","이론","01","2025200552","3"
"NGPH3001","인간심리의 이해","이순주","노마드칼리지","1학기","1","수2,3,4","경상학관(101)","이론","01","2025200733","3"
"NCCH1004","인간의 탐색","유원지","노마드칼리지","1학기","1","목6,7,8","인문사회과학관(402)","이론","01","2025201794","3"
"NGPH1004","인공지능 윤리","김효은","노마드칼리지","1학기","1","수2,3,4","인문사회과학관(403)","이론","01","2025200727","3"
"NGLI100012","인공지능과 리터러시","윤인선","노마드칼리지","1학기","1","수6,7,8","소재관및공동실험실습관(402)","이론","01","2025200006","3"
"NCCH3001","인권과 사회","박승민","노마드칼리지","1학기","1","월2,3,4","인문사회과학관(404)","이론","01","2025200558","3"
"NSBI1001","일반생물학","여상엽","노마드칼리지","1학기","1","화2,3,4","화학환경관(507)","이론","01","2025201041","3"
"NSBI1003","일반생물학Ⅱ","김창섭","노마드칼리지","1학기","1","수1,2,3","화학환경관(501)","이론","01","2025201045","3"
"NGHI1009","일본문화의 이해","윤재석","노마드칼리지","1학기","1","금2,3,4","인문사회과학관(206)","이론","01","2025201047","3"
"NGGL1004","일본어I","채윤주","노마드칼리지","1학기","1","월2,3,4","창의혁신관(411)","이론","01","2025201049","3"
"NGGL1005","일본어II","채윤주","노마드칼리지","1학기","1","월6,7,8","창의혁신관(411)","이론","01","2025201050","3"
"NGSC1005","자연과학개론","김덕현","노마드칼리지","1학기","1","월2,3,4","그린에너지관(713)","이론","01","2025201811","3"
"NCCH1006","종교와 문화","최원호","노마드칼리지","1학기","1","월2,3,4","건설공학관(209)","이론","01","2025200564","3"
"NGHI1010","중국문화의 이해","주기평","노마드칼리지","1학기","1","수6,7,8","창의혁신관(317)","이론","01","2025201051","3"
"NGGL1008","중국어I","주기평","노마드칼리지","1학기","1","수2,3,4","창의혁신관(317)","이론","01","2025201052","3"
"NGHI1011","지역사회의 이해","서준석","노마드칼리지","1학기","1","월2,3,4","경상학관(301)","이론","01","2025201053","3"
"NGEN1008","창업의 이해","김유상","노마드칼리지","1학기","1","수2,3","창의혁신관(316)","이론","01","2025201055","2"
"NBAS1010","창의 글쓰기","송혜란","노마드칼리지","1학기","1","금6,7","인문사회과학관(303)","이론","01","2025200004","2"
"NGPH1010","창의적 문제해결","김정화","노마드칼리지","1학기","1","금2,3,4","인문사회과학관(305)","이론","01","2025200732","3"
"NGPH1006","텍스트로 배우는 동양의 지혜","이영자","노마드칼리지","1학기","1","목6,7,8","경상학관(301)","이론","01","2025200729","3"
"NGPH1007","텍스트로 배우는 서양의 지혜","김완종","노마드칼리지","1학기","1","수2,3,4","인문사회과학관(305)","이론","01","2025200730","3"
"NCCR1004","통계로 보는 세상","오진호","노마드칼리지","1학기","1","화2,3,4","그린에너지관(610)","이론","01","2025201569","3"
"NGGL1007","프랑스어","신명숙","노마드칼리지","1학기","1","화2,3,4","그린에너지관(604)","이론","01","2025201057","3"
"NGHI1012","한국 민속의 이해","이해진","노마드칼리지","1학기","1","목6,7,8","건설공학관(208)","이론","01","2025200009","3"
"NGEN1006","한국경제의 이해","문혜정","노마드칼리지","1학기","1","월2,3,4","창의혁신관(317)","이론","01","2025201058","3"
"NGHI100019","한국근현대사의 이해","김헌주","노마드칼리지","1학기","1","목6,7,8","인문사회과학관(201)","이론","01","2025200748","3"
"NCFR1005","한국사의 이해","김명진","노마드칼리지","1학기","1","월2,3,4","인문사회과학관(103)","이론","01","2025200570","3"
"NCCR1005","합리적 문제해결과 논리","김효은","노마드칼리지","1학기","1","월2,3,4","인문사회과학관(403)","이론","01","2025200576","3"
"NGPH1008","현대사회의 인간관계론","최수빈","노마드칼리지","1학기","1","월2,3,4","그린에너지관(604)","이론","01","2025201059","3"
"NGHI1013","현대정치사","조희원","노마드칼리지","1학기","1","금2,3,4","창의혁신관(411)","이론","01","2025201060","3"
"NSCH1003","화학 및 실험Ⅱ","이철우","노마드칼리지","1학기","1","수1,2,3,4","산업정보관(304)","이론실습","01","2025201062","3"
"DSLA100264","100세 시대를 위한 운동과 영양","","노마드칼리지","1학기","1","","","이론","01","2025202297","3"
"DSLA300188","C언어 및 실습","","노마드칼리지","1학기","1","","","이론","01","2025201919","3"
"DSLA300182","TED로 배우는 영화 속 바이오테크놀로지","","노마드칼리지","1학기","1","","","이론","01","2025202302","3"
"DSLA300192","교육학개론","","노마드칼리지","1학기","1","","","이론","01","2025202094","3"
"DSLA100262","글로벌 비즈니스 취업과 성장","","노마드칼리지","1학기","1","","","이론","01","2025202301","3"
"DSLA300178","글로벌 시장과 비즈니스 이해","","노마드칼리지","1학기","1","","","이론","01","2025202303","3"
"DSLA300176","대학생 리더의 길","","노마드칼리지","1학기","1","","","이론","01","2025202088","3"
"DSLA300189","대학생 핵심역량의 이해","","노마드칼리지","1학기","1","","","이론","01","2025201921","3"
"DSLA300190","메타버스 활용 디자인","","노마드칼리지","1학기","1","","","이론","01","2025202093","3"
"DSLA300184","모두의 인공지능","","노마드칼리지","1학기","1","","","이론","01","2025201920","3"
"DSLA300187","문화로 보는 서양사","","노마드칼리지","1학기","1","","","이론","01","2025201922","3"
"DSLA100266","부동산학개론","","노마드칼리지","1학기","1","","","이론","01","2025202300","3"
"DSLA300181","사례로 배우는 생활 마케팅","","노마드칼리지","1학기","1","","","이론","01","2025202085","3"
"DSLA100263","생활 속의 심리학","","노마드칼리지","1학기","1","","","이론","01","2025202298","3"
"DSLA300183","생활 일본어","","노마드칼리지","1학기","1","","","이론","01","2025202095","3"
"DSLA300186","여행으로 배우는 중국어","","노마드칼리지","1학기","1","","","이론","01","2025201923","3"
"DSLA300185","이야기로 치유하기","","노마드칼리지","1학기","1","","","이론","01","2025202081","3"
"DSLA300193","인퓨징 마케팅","","노마드칼리지","1학기","1","","","이론","01","2025202082","3"
"DSLA100265","제4차 산업혁명과 자기경영","","노마드칼리지","1학기","1","","","이론","01","2025202299","3"
"DSLA300172","창의적 사고 기르기","","노마드칼리지","1학기","1","","","이론","01","2025202089","3"
"DSLA300175","테마로 보는 유럽문화기행","","노마드칼리지","1학기","1","","","이론","01","2025202304","3"
"DSLA300195","파이썬 실무활용","","노마드칼리지","1학기","1","","","이론","01","2025201916","3"
"DSLA300191","행복한 삶과 존엄한 죽음","","노마드칼리지","1학기","1","","","이론","01","2025202080","3"
"MSSS1003","리더쉽","백상환","인문교양학부","1학기","1","금7,8","인문사회과학관(403)","이론","01","2025200345","2"
"KLCC3001","매체 한국어 1","한하림","인문교양학부","1학기","1","수2,3,4","인문사회과학관(302)","이론","01","2025201078","3"
"MSSS1004","무기체계","백상환","인문교양학부","1학기","1","금4,5","인문사회과학관(403)","이론","01","2025200343","2"
"KLCC3004","학업 한국어 1","김은경","인문교양학부","1학기","1","목2,3,4","인문사회과학관(105)","이론","01","2025201085","3"
"KLCC3006","한국 문화의 이해","박현주","인문교양학부","1학기","1","화2,3,4","건설공학관(205)","이론","01","2025201083","3"
"KLCC3007","한국어 1","김지영","인문교양학부","1학기","1","수6,7,8","인문사회과학관(105)","이론","01","2025201080","3"
"KLCC3008","한국어 2","한하림","인문교양학부","1학기","1","화6,7,8","인문사회과학관(302)","이론","01","2025201077","3"
"KLCC3009","한국어 3","김지영","인문교양학부","1학기","1","수2,3,4","건설공학관(205)","이론","01","2025201075","3"
"KLCC0003","한국어 회화","이기영","인문교양학부","1학기","1","수2,3,4","인문사회과학관(105)","이론","01","2025201081","3"
"TEED1002","교육과정","김희중","인문교양학부","1학기","2","목6,7","인문사회과학관(302)","이론","01","2025201161","2"
"TEED1001","교육학개론","진성희","인문교양학부","1학기","2","목2,3","인문사회과학관(403)","이론","01","2025200918","2"
"TEED100017","디지털 교육","진성희","인문교양학부","1학기","2","목1","인문사회과학관(403)","이론","01","2025200917","1"
"TEED1009","교육행정 및 교육경영","김봉영","인문교양학부","1학기","3","목8,9","인문사회과학관(302)","이론","01","2025201162","2"
"TEED1014","학교폭력의 예방 및 학생의 이해","손연아","인문교양학부","1학기","3","금2,3","인문사회과학관(404)","이론","01","2025201170","2"
"SPHS1112","산악 트레킹","김동현","스포츠건강과학과","1학기","1","목13,14","생활체육관(108)","실습","01","2025201356","1"
"SPHS110021","스포츠 미디어","신석우","스포츠건강과학과","1학기","1","수10,11,12","건설공학관(104)","이론","01","2025201354","3"
"SPHS1113","스포츠 빅데이터 분석","장지명","스포츠건강과학과","1학기","1","화10,11,12","소재관및공동실험실습관(401)","이론","01","2025201352","3"
"SPHS110023","스포츠 조직과 갈등론","김세환","스포츠건강과학과","1학기","1","목10,11,12","생활체육관(112)","이론","01","2025201353","3"
"SPHS1109","인체해부 및 기능학","김동현","스포츠건강과학과","1학기","1","토5,6,7","생활체육관(112)","이론","01","2025201355","3"
"DSLA200279","농구","","스포츠건강과학과","1학기","2","","","이론","01","2025202371","3"
"DSLA200278","생활한자","","스포츠건강과학과","1학기","2","","","이론","01","2025202369","2"
"SPHS3208","여가 및 레크리에이션","김경훈","스포츠건강과학과","1학기","2","월10,11,12","건설공학관(104)","이론","01","2025201359","3"
"SPHS2113","운동영양학","김동현","스포츠건강과학과","1학기","2","목10,11,12","생활체육관(108)","이론","01","2025201360","3"
"SPHS2205","전공실기 및 지도(골프 II)","정미옥","스포츠건강과학과","1학기","2","화10,11","생활체육관(201)","실습","01","2025201362","1"
"SPHS2207","전공실기 및 지도(댄스스포츠 II)","최미영","스포츠건강과학과","1학기","2","수10,11","생활체육관(B107)","실습","01","2025201361","1"
"SPHS2210","필라테스(기구)","최미영","스포츠건강과학과","1학기","2","수12,13","생활체육관(B108)","실습","01","2025201363","1"
"DSLA200276","현대생활과건강","","스포츠건강과학과","1학기","2","","","이론","01","2025202370","2"
"SPHS3108","스포츠 마사지","손창환","스포츠건강과학과","1학기","3","수12,13","생활체육관(B107)","실습","01","2025201369","1"
"SPHS3206","스포츠 마케팅","김세환","스포츠건강과학과","1학기","3","월10,11,12","생활체육관(112)","이론","01","2025201368","3"
"SPHS310011","운동상해 및 처치","진영윤","스포츠건강과학과","1학기","3","목10,11,12","건설공학관(103)","이론","01","2025201366","3"
"SPHS3216","전공실기 및 지도(테니스 II)","한동엽","스포츠건강과학과","1학기","3","화10,11","건설공학관(104)","실습","01","2025201371","1"
"SPHS3110","트레이닝 방법론","진영윤","스포츠건강과학과","1학기","3","목13,14,15","건설공학관(103)","이론","01","2025201370","3"
"SPHS4101","노인체육론","김동현","스포츠건강과학과","1학기","4","금13,14,15","생활체육관(108)","이론","01","2025201375","3"
"DSLA400280","생활속의경제","","스포츠건강과학과","1학기","4","","","이론","01","2025202373","3"
"SPHS4203","스포츠 의학","김동현","스포츠건강과학과","1학기","4","화10,11,12","생활체육관(108)","이론","01","2025201378","3"
"DSMJ400118","스포츠사회학","","스포츠건강과학과","1학기","4","","","이론","01","2025202368","3"
"DSMJ400119","스포츠심리학","","스포츠건강과학과","1학기","4","","","이론","01","2025202367","3"
"SPHS4208","요가의 이해와 신체밸런스","최미영","스포츠건강과학과","1학기","4","수14,15","생활체육관(B107)","실습","01","2025201377","1"
"SPHS4219","전공특성화실습 Ⅱ","김동현","스포츠건강과학과","1학기","4","토8,9,10,11","생활체육관(112)","실습","01","2025201379","2"
"DSLA400277","철학의이해","","스포츠건강과학과","1학기","4","","","이론","01","2025202372","3"
"SPHS4104","체육측정평가","김동현","스포츠건강과학과","1학기","4","금10,11,12","생활체육관(108)","이론","01","2025201373","3"